src_type,sparsity,noise_level,run_id,method,track,m,n,n_zero_cols,mse,support_recall,support_precision,rel_err,smooth_err,corr,obs_mse,unobs_mse,obs_relerr,unobs_relerr,unobs_true_norm,unobs_est_norm
pure_sparse,0.662387861832766,0.0,0,EN,phits,8,12,5,362.31831689380675,0.4,0.5,14.05066172747067,1.2779986080309926,0.027163306012357533,619.3652009453456,2.4526792216524025,21.07679789016968,1.0,3.5019132068430836,0.0
pure_sparse,0.662387861832766,0.0,0,Lasso,phits,8,12,5,359.15181781587336,0.2,0.5,13.989128758861337,1.278008933036531,0.0272831115435372,613.9369168117455,2.4526792216524025,20.98423324989067,1.0,3.5019132068430836,0.0
pure_sparse,0.662387861832766,0.0,0,Ridge,phits,8,12,5,83713.62953139113,0.4,0.5,213.57465770139822,0.985777859740513,0.001928152648182823,143507.32728294077,2.4526792216524025,320.8250485282122,1.0,3.5019132068430836,0.0
pure_sparse,0.662387861832766,0.0,0,OMP,phits,8,12,5,367.26561987359497,0.2,0.5,14.14626439443825,1.2780098162406208,0.0269797240682685,627.8462917678397,2.4526792216524025,21.220611638241934,1.0,3.5019132068430836,0.0
pure_sparse,0.7326667463958407,0.0,1,EN,phits,8,12,5,0.28664154625959576,0.75,0.6,0.3839905486147229,0.6181918994517497,0.9233384122370695,2.112602159172665e-05,0.6879101345928014,0.002726819293010549,1.0,1.8546025646925022,0.0
pure_sparse,0.7326667463958407,0.0,1,Lasso,phits,8,12,5,0.2866432864242134,0.75,1.0,0.38399171419201067,0.6182023495113834,0.9233382269660186,2.4109160936239662e-05,0.6879101345928014,0.002912986999786998,1.0,1.8546025646925022,0.0
pure_sparse,0.7326667463958407,0.0,1,Ridge,phits,8,12,5,580.3841171213684,0.75,0.6,17.2786069485394,0.23836706441725256,0.03848673581088906,994.4528363976366,0.6879101345928014,18.70852694801692,1.0,1.8546025646925022,0.0
pure_sparse,0.7326667463958407,0.0,1,OMP,phits,8,12,5,2318.4136771659037,0.5,0.6666666666666666,34.53396393231151,0.9582125315463829,0.014008190599312326,3973.9320821882684,0.6879101345928014,37.39880441144302,1.0,1.8546025646925022,0.0
pure_sparse,0.884494232913148,0.0,2,EN,phits,8,12,5,0.48919334135179793,0.5,0.5,0.7686944464506263,1.3022914081614996,0.6550431806866933,0.028349712478552967,1.134374421774341,0.21576201395210795,1.0,2.381569253427602,0.0
pure_sparse,0.884494232913148,0.0,2,Lasso,phits,8,12,5,0.5181135273843888,0.5,1.0,0.7910900836498267,1.009175920113195,0.655045117708189,0.07792717424870864,1.134374421774341,0.3577215650053857,1.0,2.381569253427602,0.0
pure_sparse,0.884494232913148,0.0,2,Ridge,phits,8,12,5,0.5615809384784117,0.5,0.5,0.8236062887915782,0.7149035427129733,0.654943812114668,0.15244273612417644,1.134374421774341,0.5003270983493944,1.0,2.381569253427602,0.0
pure_sparse,0.884494232913148,0.0,2,OMP,phits,8,12,5,0.4726560090726421,0.5,1.0,0.7555897655253576,1.7477490172003827,0.655045117708189,0.0,1.134374421774341,0.0,1.0,2.381569253427602,0.0
pure_sparse,0.7211333010785937,0.0,3,EN,phits,8,12,5,0.5109190657569754,0.5,0.6666666666666666,0.8156652101798927,1.2605077466289476,0.63037301456485,0.29029014040798845,0.8197995612455571,0.6302125820041573,1.0,2.0245981838942226,0.0
pure_sparse,0.7211333010785937,0.0,3,Lasso,phits,8,12,5,0.3415831505262455,0.5,1.0,0.6669359138348067,1.260520515835592,0.7451150829547183,1.2451514845069834e-11,0.8197995612455571,4.127451912123036e-06,1.0,2.0245981838942226,0.0
pure_sparse,0.7211333010785937,0.0,3,Ridge,phits,8,12,5,12734.951858240056,0.5,0.6666666666666666,128.77588352144517,1.258751017727547,0.004306745526884516,21830.760471582063,0.8197995612455571,172.82451987699974,1.0,2.0245981838942226,0.0
pure_sparse,0.7211333010785937,0.0,3,OMP,phits,8,12,5,0.34158315051898214,0.5,1.0,0.6669359138277159,1.2605274546065326,0.7451150829548343,0.0,0.8197995612455571,0.0,1.0,2.0245981838942226,0.0
pure_sparse,0.6650925519907525,0.0,4,EN,phits,8,12,5,2.7605076874011876,0.4,0.6666666666666666,1.1207702812473093,1.1998118084647218,0.22773266463828787,1.6364507748780075,4.334187364933641,1.561059600278783,1.0,4.655205347207382,0.0
pure_sparse,0.6650925519907525,0.0,4,Lasso,phits,8,12,5,1.8059114020629468,0.4,1.0,0.9065052968525042,1.1998183247923517,0.4221944419102817,1.245151484511983e-11,4.334187364933641,4.3060503809469245e-06,1.0,4.655205347207382,0.0
pure_sparse,0.6650925519907525,0.0,4,Ridge,phits,8,12,5,40496.868076201215,0.4,0.6666666666666666,135.7478140052902,1.1987544375430577,0.001311507165472696,69420.10656822713,4.334187364933641,321.521966508196,1.0,4.655205347207382,0.0
pure_sparse,0.6650925519907525,0.0,4,OMP,phits,8,12,5,1.8059114020556837,0.4,1.0,0.9065052968506813,1.199817930763474,0.42219444191232364,2.087866616049112e-21,4.334187364933641,5.575956622049006e-11,1.0,4.655205347207382,0.0
pure_sparse,0.8254140028637015,0.0,5,EN,phits,8,12,5,0.118301123304927,0.6666666666666666,0.5,0.3602899264897253,0.5364068921563753,0.9346783139873085,0.03821506394297798,0.23042160641165563,0.16535082649807972,1.0,1.0733629544838401,0.0
pure_sparse,0.8254140028637015,0.0,5,Lasso,phits,8,12,5,0.1414665303404294,0.6666666666666666,1.0,0.39398939895375795,0.5365139317898608,0.9216446218978565,0.07792719028955349,0.23042160641165563,0.23612043989462034,1.0,1.0733629544838401,0.0
pure_sparse,0.8254140028637015,0.0,5,Ridge,phits,8,12,5,0.14945179236015246,0.6666666666666666,0.5,0.404956383551863,0.522925251130853,0.9176213872146852,0.09161621089479308,0.23042160641165563,0.2560207926195724,1.0,1.0733629544838401,0.0
pure_sparse,0.8254140028637015,0.0,5,OMP,phits,8,12,5,0.09600900267152318,0.6666666666666666,1.0,0.3245739528340011,0.5366814772419205,0.945860322215554,1.126944150315731e-31,0.23042160641165563,2.839489529297636e-16,1.0,1.0733629544838401,0.0
pure_sparse,0.8097235784224525,0.0,6,EN,phits,8,12,5,647.919489621447,0.3333333333333333,0.5,25.30807987425335,1.4364064932381988,0.001218134275916073,1109.4302762312211,1.8043883677633616,49.914262054307464,1.0,3.0036547469402683,0.0
pure_sparse,0.8097235784224525,0.0,6,Lasso,phits,8,12,5,828.3053314220862,0.0,0.0,28.615010057551675,1.5423112619330954,3.3577893722861986e-19,1418.6631478894597,1.8043883677633616,56.44354622024394,1.0,3.0036547469402683,0.0
pure_sparse,0.8097235784224525,0.0,6,Ridge,phits,8,12,5,210.5081057604965,0.3333333333333333,0.5,14.425573443230785,1.1011500839372026,0.008911724147780794,359.58218961244876,1.8043883677633616,28.41670601567777,1.0,3.0036547469402683,0.0
pure_sparse,0.8097235784224525,0.0,6,OMP,phits,8,12,5,840.615652673613,0.0,0.0,28.826864770229317,1.5423112619330954,0.0,1439.7665557492198,1.8043883677633616,56.86181114208495,1.0,3.0036547469402683,0.0
pure_sparse,0.8646487058725776,0.0,7,EN,phits,8,12,5,3.6922722014564635,0.6666666666666666,0.6666666666666666,1.5515767399588274,2.121815768707388,0.4066085611065761,5.4758748861505495,1.1952284428847422,1.7561662946169418,1.0,2.4446149419537857,0.0
pure_sparse,0.8646487058725776,0.0,7,Lasso,phits,8,12,5,0.4980118605601755,0.6666666666666666,1.0,0.5698312309164447,2.1218214821509944,0.8217617480416294,1.604262783064067e-08,1.1952284428847422,9.505536494220114e-05,1.0,2.4446149419537857,0.0
pure_sparse,0.8646487058725776,0.0,7,Ridge,phits,8,12,5,78896.30120163555,0.6666666666666666,0.5,226.80609783754758,2.1093693838555634,0.0029639723414026636,135249.9483253446,1.1952284428847422,275.99895213832355,1.0,2.4446149419537857,0.0
pure_sparse,0.8646487058725776,0.0,7,OMP,phits,8,12,5,0.49801185120197594,0.6666666666666666,1.0,0.5698312255625618,2.121990794011234,0.8217617503716445,8.351466464217577e-21,1.1952284428847422,6.858359561989383e-11,1.0,2.4446149419537857,0.0
pure_sparse,0.8169895211023082,0.0,8,EN,phits,8,12,5,0.3155509965742718,0.3333333333333333,0.5,0.5462978440862004,0.692201313533233,0.8375909894996689,1.8965985319434721e-06,0.7573197365403077,0.001221261004402943,1.0,1.9459184676397772,0.0
pure_sparse,0.8169895211023082,0.0,8,Lasso,phits,8,12,5,0.31554989022548835,0.3333333333333333,1.0,0.5462968864018776,0.692223890409025,0.8375916140387001,6.174352556051032e-13,0.7573197365403077,6.968134053331992e-07,1.0,1.9459184676397772,0.0
pure_sparse,0.8169895211023082,0.0,8,Ridge,phits,8,12,5,2.137498256213462,0.3333333333333333,0.5,1.4218297371007227,0.6769562115694914,0.4472556231165126,3.123340055980001,0.7573197365403077,1.567221642763248,1.0,1.9459184676397772,0.0
pure_sparse,0.8169895211023082,0.0,8,OMP,phits,8,12,5,0.3155498902251282,0.3333333333333333,1.0,0.5462968864015658,0.6922249298856713,0.8375916140387001,1.126944150315731e-31,0.7573197365403077,2.976953025513985e-16,1.0,1.9459184676397772,0.0
pure_sparse,0.6975097178206423,0.0,9,EN,phits,8,12,5,0.29597004874117444,0.75,1.0,0.5988747244941041,0.647853702244745,0.8179875508666679,0.33023316261696245,0.24800168931507124,0.5165721423333958,1.0,1.1135566651838407,0.0
pure_sparse,0.6975097178206423,0.0,9,Lasso,phits,8,12,5,0.5238795527325503,0.5,1.0,0.7967605561770961,0.6533621681650179,0.604313420516202,0.720935169459321,0.24800168931507124,0.7632533974228319,1.0,1.1135566651838407,0.0
pure_sparse,0.6975097178206423,0.0,9,Ridge,phits,8,12,5,0.20537938695522753,0.75,1.0,0.498873607618805,0.7429915966920966,0.9080100090955795,0.1749348852696249,0.24800168931507124,0.37597489978213045,1.0,1.1135566651838407,0.0
pure_sparse,0.6975097178206423,0.0,9,OMP,phits,8,12,5,0.10333403721461303,0.75,1.0,0.35386189651449584,0.37118555506140916,0.9352976842669741,2.0813906573281266e-26,0.24800168931507124,1.2968729754008704e-13,1.0,1.1135566651838407,0.0
pure_sparse,0.711198971551373,0.01,0,EN,phits,8,12,5,1127917.3556281824,0.75,0.42857142857142855,945.6924539523623,1.0292922527982296,0.0012546952601271675,1933572.5679333974,0.058400881290836336,954.9498963978059,1.0,0.5403743206835255,0.0
pure_sparse,0.711198971551373,0.01,0,Lasso,phits,8,12,5,0.2011485149106248,0.75,1.0,0.39936472248674637,1.0375445439784554,0.9455104872235847,0.3031111103533308,0.058400881290836336,0.3780952972756763,1.0,0.5403743206835255,0.0
pure_sparse,0.711198971551373,0.01,0,Ridge,phits,8,12,5,1155852.4877241028,0.75,0.42857142857142855,957.3318104840552,3.655574693181245,0.0016902771995213354,1981461.3658121186,0.058400881290836336,966.7031915689385,1.0,0.5403743206835255,0.0
pure_sparse,0.711198971551373,0.01,0,OMP,phits,8,12,5,1891571.9452854944,0.5,0.5,1224.6802553246775,0.851579130836908,0.0006698700372319923,3242694.7216316466,0.058400881290836336,1236.6687321528586,1.0,0.5403743206835255,0.0
pure_sparse,0.7962887219566229,0.01,1,EN,phits,8,12,5,0.6963447480068273,0.0,0.0,1.0,0.7236424849957758,0.0,0.0,1.6712273952163854,0.0,1.0,2.8906983543915348,0.0
pure_sparse,0.7962887219566229,0.01,1,Lasso,phits,8,12,5,0.6963447480068273,0.0,0.0,1.0,0.7236424849957758,0.0,0.0,1.6712273952163854,0.0,1.0,2.8906983543915348,0.0
pure_sparse,0.7962887219566229,0.01,1,Ridge,phits,8,12,5,0.6963447480068276,0.0,0.0,1.0000000000000002,0.7236424849957758,0.0,5.017724139611744e-16,1.6712273952163854,592.6556249398315,1.0,2.8906983543915348,0.0
pure_sparse,0.7962887219566229,0.01,1,OMP,phits,8,12,5,0.6963447480068273,0.0,0.0,1.0,0.7236424849957758,0.0,0.0,1.6712273952163854,0.0,1.0,2.8906983543915348,0.0
pure_sparse,0.7921363484103814,0.01,2,EN,phits,8,12,5,280648.0116266015,0.3333333333333333,0.16666666666666666,595.356698101935,1.3446458386344862,0.00033384436568649825,481109.7915604846,1.5197191651464295,1330.3663752786986,1.0,2.756555064883005,0.0
pure_sparse,0.7921363484103814,0.01,2,Lasso,phits,8,12,5,279562.6006533731,0.3333333333333333,0.2,594.2043067054009,1.3446525741410262,0.0003344951111759933,479249.0870349502,1.5197191651464295,1327.791269913385,1.0,2.756555064883005,0.0
pure_sparse,0.7921363484103814,0.01,2,Ridge,phits,8,12,5,387124.26917359605,0.3333333333333333,0.14285714285714285,699.2322626580002,1.3437976391169664,0.0002838972937196802,663640.5187839037,1.5197191651464295,1562.4841080241401,1.0,2.756555064883005,0.0
pure_sparse,0.7921363484103814,0.01,2,OMP,phits,8,12,5,54439.99826347503,0.3333333333333333,0.25,262.21365885318465,1.3452555611859005,0.00075867223347996,93324.62579512496,1.5197191651464295,585.9320987908582,1.0,2.756555064883005,0.0
pure_sparse,0.7436444753302229,0.01,3,EN,phits,8,12,5,2297.7058852161485,0.5,0.5,38.54941744248766,112.17980900631295,0.6764188345895563,3938.748097209911,0.24678842488141325,39.898091242715594,1.0,1.1108294758454451,0.0
pure_sparse,0.7436444753302229,0.01,3,Lasso,phits,8,12,5,2295.7748165324797,0.5,0.6666666666666666,38.533214929222744,112.1332712878717,0.6764194080244083,3935.437693752193,0.24678842488141325,39.88132112443062,1.0,1.1108294758454451,0.0
pure_sparse,0.7436444753302229,0.01,3,Ridge,phits,8,12,5,15595.433868094644,0.75,0.42857142857142855,100.43135723028641,336.25841039172064,-0.5044540939701883,26734.8532107159,0.24678842488141325,103.94698999985208,1.0,1.1108294758454451,0.0
pure_sparse,0.7436444753302229,0.01,3,OMP,phits,8,12,5,2316.2492984309397,0.5,0.5,38.70465952867715,112.62565047201372,0.676413334069416,3970.536805578124,0.24678842488141325,40.05877174008493,1.0,1.1108294758454451,0.0
pure_sparse,0.7748326123529816,0.01,4,EN,phits,8,12,5,4.600282531298226,0.6666666666666666,0.6666666666666666,3.2190852833833308,0.24345958248833227,0.1021403524830721,7.573338986153044,0.4380034945014789,4.110752311947201,1.0,1.4798707620962699,0.0
pure_sparse,0.7748326123529816,0.01,4,Lasso,phits,8,12,5,0.35262383913564155,0.3333333333333333,1.0,0.891242862343067,0.35066346810103,0.4535720442016285,0.29163837101718626,0.4380034945014789,0.806677499386711,1.0,1.4798707620962699,0.0
pure_sparse,0.7748326123529816,0.01,4,Ridge,phits,8,12,5,73.66945066343581,0.6666666666666666,0.2857142857142857,12.882019308031795,0.9453622946906379,0.03759566539268858,125.97762721267462,0.4380034945014789,16.765801637667657,1.0,1.4798707620962699,0.0
pure_sparse,0.7748326123529816,0.01,4,OMP,phits,8,12,5,294.42380053608156,0.3333333333333333,0.25,25.75293236523854,1.2085664025680494,0.014843329673171729,504.4136555657816,0.4380034945014789,33.548339487825935,1.0,1.4798707620962699,0.0
pure_sparse,0.7545379815165902,0.01,5,EN,phits,8,12,5,0.9651792507235992,0.0,0.0,1.0,0.9779294943292182,0.0,0.0,2.316430201736638,0.0,1.0,3.4032559422828004,0.0
pure_sparse,0.7545379815165902,0.01,5,Lasso,phits,8,12,5,0.9651792507235992,0.0,0.0,1.0,0.9779294943292182,0.0,0.0,2.316430201736638,0.0,1.0,3.4032559422828004,0.0
pure_sparse,0.7545379815165902,0.01,5,Ridge,phits,8,12,5,0.9651792507235992,0.0,0.0,1.0,0.9779294943292182,0.0,4.163086781580091e-17,2.316430201736638,170.70913118828952,1.0,3.4032559422828004,0.0
pure_sparse,0.7545379815165902,0.01,5,OMP,phits,8,12,5,0.9651792507235992,0.0,0.0,1.0,0.9779294943292182,0.0,0.0,2.316430201736638,0.0,1.0,3.4032559422828004,0.0
pure_sparse,0.671111576995515,0.01,6,EN,phits,8,12,5,22022588.03414071,0.5,0.5,3871.592051245513,10735.533504138244,0.5488290788863712,37753007.102170244,1.3388993662332305,4915.761590536335,1.0,2.5873725729330426,0.0
pure_sparse,0.671111576995515,0.01,6,Lasso,phits,8,12,5,5343720.800855407,0.5,1.0,1907.1167989570827,5339.727340283538,0.5541900421166756,9160663.273681149,1.3388993662332305,2421.4666768270467,1.0,2.5873725729330426,0.0
pure_sparse,0.671111576995515,0.01,6,Ridge,phits,8,12,5,24210155.835612077,0.5,0.2857142857142857,4059.328562927703,11339.803574661446,0.552908777986353,41503123.33326401,1.3388993662332305,5154.130701716094,1.0,2.5873725729330426,0.0
pure_sparse,0.671111576995515,0.01,6,OMP,phits,8,12,5,22028449.0412712,0.5,0.5,3872.10720230387,10736.922504138098,0.5488290434544089,37763054.54296537,1.3388993662332305,4916.415678006456,1.0,2.5873725729330426,0.0
pure_sparse,0.7274390984894004,0.01,7,EN,phits,8,12,5,5347904.632374905,0.5,0.4,3141.9705451069594,0.8745844628870086,0.000117571103957342,9167836.001141112,0.7161022153294381,4687.878457891167,1.0,1.8922238442232966,0.0
pure_sparse,0.7274390984894004,0.01,7,Lasso,phits,8,12,5,1654402.986616942,0.25,0.5,1747.5553302980013,0.877800350825852,0.00021039594398385888,2836118.894127461,0.7161022153294381,2607.3848748895825,1.0,1.8922238442232966,0.0
pure_sparse,0.7274390984894004,0.01,7,Ridge,phits,8,12,5,12052845.655293277,0.5,0.2857142857142857,4716.882739600188,341.6299222180515,0.012270217061620937,20662020.61185832,0.7161022153294381,7037.676836582174,1.0,1.8922238442232966,0.0
pure_sparse,0.7274390984894004,0.01,7,OMP,phits,8,12,5,12159055.423298942,0.5,0.5,4737.619759476691,684.3060574342034,0.02436715657740712,20844094.499868035,0.7161022153294381,7068.616856952899,1.0,1.8922238442232966,0.0
pure_sparse,0.6554525426756136,0.01,8,EN,phits,8,12,5,20189.72006908594,0.4,1.0,155.3532063918756,246.32710972844373,0.3722385637380416,34610.25096644842,0.9768127784721201,216.7996595876995,1.0,2.2099918308357163,0.0
pure_sparse,0.6554525426756136,0.01,8,Lasso,phits,8,12,5,20183.981696483206,0.4,1.0,155.33112738499634,246.2921321424982,0.372239089706429,34600.413756272304,0.9768127784721201,216.7688471069588,1.0,2.2099918308357163,0.0
pure_sparse,0.6554525426756136,0.01,8,Ridge,phits,8,12,5,115862.23664113255,0.6,0.42857142857142855,372.1568580429944,700.9315841802576,-0.11701515174591287,198620.27937567115,0.9768127784721201,519.3594233311293,1.0,2.2099918308357163,0.0
pure_sparse,0.6554525426756136,0.01,8,OMP,phits,8,12,5,89600.16809466272,0.6,0.75,327.2724779210643,704.28051554891,0.004064875700296968,153599.59043886577,0.9768127784721201,456.72128358761273,1.0,2.2099918308357163,0.0
pure_sparse,0.7341970784960945,0.01,9,EN,phits,8,12,5,0.9025092184328051,0.25,0.5,0.9575099853239113,0.6317244089454565,0.2884058005603392,0.8628362802980215,0.9580513318215023,0.9274095005801002,1.0,2.1886654973082367,0.0
pure_sparse,0.7341970784960945,0.01,9,Lasso,phits,8,12,5,0.9028496523210258,0.25,0.5,0.9576905586116526,0.6317244089454565,0.2877999200699305,0.8634198812492568,0.9580513318215023,0.9277230858976179,1.0,2.1886654973082367,0.0
pure_sparse,0.7341970784960945,0.01,9,Ridge,phits,8,12,5,23379.037144154554,0.5,0.2857142857142857,154.109992341196,1.884353002989353,-0.003463224867408966,40077.66506759935,0.9580513318215023,199.87503250978688,1.0,2.1886654973082367,0.0
pure_sparse,0.7341970784960945,0.01,9,OMP,phits,8,12,5,9475.226613433986,0.25,0.25,98.10977758029286,0.6317244089454565,0.0008447545509616926,16242.561300649819,0.9580513318215023,127.24320479729538,1.0,2.1886654973082367,0.0
pure_sparse,0.8618191816743509,0.05,0,EN,phits,8,12,5,583705.9526592534,0.5,0.25,840.6498836602738,0.26154643317017423,0.00020349273671562736,1000637.60272197,1.6425714500541002,2030.578891056709,1.0,2.8658083066162154,0.0
pure_sparse,0.8618191816743509,0.05,0,Lasso,phits,8,12,5,7.329081575783252,0.5,0.5,2.97881048524104,0.27568251350248074,0.05904750730070764,11.390874522732645,1.6425714500541002,6.851095029578775,1.0,2.8658083066162154,0.0
pure_sparse,0.8618191816743509,0.05,0,Ridge,phits,8,12,5,3899066.314931542,0.5,0.14285714285714285,2172.6932089149104,0.2628278593796949,7.865701919965058e-05,6684112.509474465,1.6425714500541002,5248.114883238978,1.0,2.8658083066162154,0.0
pure_sparse,0.8618191816743509,0.05,0,OMP,phits,8,12,5,3853174.905692401,0.5,0.25,2159.869231160053,0.26152824845798306,7.920316039870358e-05,6605441.522207366,1.6425714500541002,5217.13871039966,1.0,2.8658083066162154,0.0
pure_sparse,0.8041153592960751,0.05,1,EN,phits,8,12,5,14727991.160619566,0.3333333333333333,0.2,3081.764812315436,2.185865575488776,0.0001546700125258194,25247983.45318604,1.9510265044277464,4467.792342631342,1.0,3.123320752362577,0.0
pure_sparse,0.8041153592960751,0.05,1,Lasso,phits,8,12,5,13841813.621476248,0.3333333333333333,0.25,2987.61226212468,2.187201308433913,0.00015961582081587886,23728821.95751178,1.9510265044277464,4331.294559061108,1.0,3.123320752362577,0.0
pure_sparse,0.8041153592960751,0.05,1,Ridge,phits,8,12,5,18048595.99000043,0.3333333333333333,0.14285714285714285,3411.5319774435416,2.183670393832939,0.00013961633642719696,30940448.874981802,1.9510265044277464,4945.8727226507945,1.0,3.123320752362577,0.0
pure_sparse,0.8041153592960751,0.05,1,OMP,phits,8,12,5,21048610.01064076,0.3333333333333333,0.25,3684.168164546755,2.1873912929383494,0.00012944592645001437,36083330.05322237,1.9510265044277464,5341.127390760031,1.0,3.123320752362577,0.0
pure_sparse,0.7270869364667799,0.05,2,EN,phits,8,12,5,7675263.670921582,0.5,0.5,2839.151064206274,0.8852854022030464,0.00022840496983272832,13157594.303068431,0.7859159929138416,3505.1594007612516,1.0,1.9823168174056356,0.0
pure_sparse,0.7270869364667799,0.05,2,Lasso,phits,8,12,5,7640233.02001734,0.5,0.5,2832.6645735141533,0.8854090484967511,0.00022894574716571036,13097541.75866116,0.7859159929138416,3497.1513081010107,1.0,1.9823168174056356,0.0
pure_sparse,0.7270869364667799,0.05,2,Ridge,phits,8,12,5,9019709.204233948,0.5,0.2857142857142857,3077.783853791057,0.8801743110287447,0.00021001734545013787,15462358.07446106,0.7859159929138416,3799.770705736073,1.0,1.9823168174056356,0.0
pure_sparse,0.7270869364667799,0.05,2,OMP,phits,8,12,5,7645667.4701891495,0.5,0.5,2833.6718227696056,0.9044422727630631,0.00023127171681249146,13106857.95895569,0.7859159929138416,3498.394838039279,1.0,1.9823168174056356,0.0
pure_sparse,0.8177897844480122,0.05,3,EN,phits,8,12,5,8763.132495987504,0.6666666666666666,0.5,90.89347745597527,161.75329545145595,0.4594295571536979,15022.168584641646,0.4819718717058678,100.94977393627381,1.0,1.5523721713974838,0.0
pure_sparse,0.8177897844480122,0.05,3,Lasso,phits,8,12,5,6342.364527841423,0.6666666666666666,1.0,77.32654924892809,137.55191648716456,0.4605550267531676,10872.280639248365,0.4819718717058678,85.8814487473624,1.0,1.5523721713974838,0.0
pure_sparse,0.8177897844480122,0.05,3,Ridge,phits,8,12,5,51655182.202274315,0.6666666666666666,0.2857142857142857,6978.466195098084,80.24524570257894,0.0030480741613164203,88551740.57391892,0.4819718717058678,7750.6403693849115,1.0,1.5523721713974838,0.0
pure_sparse,0.8177897844480122,0.05,3,OMP,phits,8,12,5,48473649.11308333,0.3333333333333333,0.25,6760.143073363008,1.5746991216146806,8.928554940660755e-05,83097683.84959152,0.4819718717058678,7508.159577722771,1.0,1.5523721713974838,0.0
pure_sparse,0.7940527319606255,0.05,4,EN,phits,8,12,5,0.671370450011084,0.25,1.0,0.9566460677930306,0.550653009532291,0.29136668892888334,0.6721017855536623,0.6703465802514742,0.9289869006025888,1.0,1.8307738531171378,0.0
pure_sparse,0.7940527319606255,0.05,4,Lasso,phits,8,12,5,0.6714114184923844,0.25,1.0,0.9566752556569416,0.5477746616888205,0.29136668892888334,0.6721720172358917,0.6703465802514742,0.9290354368584461,1.0,1.8307738531171378,0.0
pure_sparse,0.7940527319606255,0.05,4,Ridge,phits,8,12,5,5839.251045371321,0.75,0.42857142857142855,89.21723370262588,182.30257979245587,-0.6273060007824758,10009.665830222086,0.6703465802514742,113.3709680605704,1.0,1.8307738531171378,0.0
pure_sparse,0.7940527319606255,0.05,4,OMP,phits,8,12,5,5890.47316409403,0.75,0.75,89.60768768342012,190.50651789316964,-0.6098983059546194,10097.475176603872,0.6703465802514742,113.86715312297746,1.0,1.8307738531171378,0.0
pure_sparse,0.8723221286723943,0.05,5,EN,phits,8,12,5,0.5646216853854443,0.5,1.0,0.9129121876134206,0.2980896811589997,0.4082372719519192,7.703873465353607e-05,1.3549841906965514,0.019950351065234916,1.0,2.6028678325037475,0.0
pure_sparse,0.8723221286723943,0.05,5,Lasso,phits,8,12,5,0.5645772655565863,0.5,1.0,0.9128762766647442,0.27736410588580385,0.40823727195191917,8.904566112792504e-07,1.3549841906965514,0.002144876807455,1.0,2.6028678325037475,0.0
pure_sparse,0.8723221286723943,0.05,5,Ridge,phits,8,12,5,11333127.646159338,0.5,0.14285714285714285,4090.0170475102154,0.2648705967823859,4.109738185806088e-05,19428217.85414159,1.3549841906965514,10018.724958843924,1.0,2.6028678325037475,0.0
pure_sparse,0.8723221286723943,0.05,5,OMP,phits,8,12,5,17080956.683891762,0.5,0.25,5021.1861670479775,0.26338919767241475,3.3518194203389765e-05,29281639.061682887,1.3549841906965514,12299.675774476415,1.0,2.6028678325037475,0.0
pure_sparse,0.6496262874432642,0.05,6,EN,phits,8,12,5,180877.93951629385,0.6,1.0,368.36350332894153,737.1240558119054,0.7011818406486741,310076.3951966711,0.10156376573512937,374.3535832293029,1.0,0.7126140811657085,0.0
pure_sparse,0.6496262874432642,0.05,6,Lasso,phits,8,12,5,0.8285001503619992,0.2,1.0,0.7883699996531088,1.265881913214789,0.6152335901893007,1.3477404250954774,0.10156376573512937,0.7804602141666692,1.0,0.7126140811657085,0.0
pure_sparse,0.6496262874432642,0.05,6,Ridge,phits,8,12,5,26744572.241954606,0.8,0.5714285714285714,4479.2120383103775,9319.362125229838,-0.19048718043909194,45847838.05651949,0.10156376573512937,4552.050505162715,1.0,0.7126140811657085,0.0
pure_sparse,0.6496262874432642,0.05,6,OMP,phits,8,12,5,23956939.31513286,0.6,0.75,4239.351822563566,9182.517004622241,-0.1578587732943951,41069038.75339651,0.10156376573512937,4308.289814957233,1.0,0.7126140811657085,0.0
pure_sparse,0.8146235041520389,0.05,7,EN,phits,8,12,5,1495.8999172163112,0.3333333333333333,0.3333333333333333,77.94941558241482,0.8513665695571888,0.005338053458236559,2564.317266345059,0.11562843606455175,86.9150740522586,1.0,0.7603566139139968,0.0
pure_sparse,0.8146235041520389,0.05,7,Lasso,phits,8,12,5,3417.869294539096,0.6666666666666666,0.6666666666666666,117.82550766330553,0.6643097461284811,0.004780727350892248,5859.121913184118,0.11562843606455175,131.37886134763465,1.0,0.7603566139139968,0.0
pure_sparse,0.8146235041520389,0.05,7,Ridge,phits,8,12,5,3724.185728604618,0.6666666666666666,0.2857142857142857,122.99211226651951,0.7691884189078195,0.00404527422851842,6384.235800153583,0.11562843606455175,137.13985496092218,1.0,0.7603566139139968,0.0
pure_sparse,0.8146235041520389,0.05,7,OMP,phits,8,12,5,3537.94061183055,0.3333333333333333,0.25,119.87727540506205,0.8654827724320888,0.003516219698677934,6064.958457112324,0.11562843606455175,133.66667391270352,1.0,0.7603566139139968,0.0
pure_sparse,0.6974602349599709,0.05,8,EN,phits,8,12,5,1.1032891074857487,0.25,0.5,0.9244576928521313,1.224244044437979,0.38137340445788737,1.1234120633872908,1.0751169692235898,0.8816854162644773,1.0,2.318530751600666,0.0
pure_sparse,0.6974602349599709,0.05,8,Lasso,phits,8,12,5,1.1032890452459059,0.25,0.5,0.9244576667764175,1.2242478427134917,0.381373405243578,1.1234119566904175,1.0751169692235898,0.8816853743951212,1.0,2.318530751600666,0.0
pure_sparse,0.6974602349599709,0.05,8,Ridge,phits,8,12,5,11601657.855123386,0.5,0.2857142857142857,2997.7982537190874,6.142393991605066,-0.0005381399982874899,19888555.55512797,1.0751169692235898,3709.7593419360755,1.0,2.318530751600666,0.0
pure_sparse,0.6974602349599709,0.05,8,OMP,phits,8,12,5,13684473.13076037,0.25,0.25,3255.790233829694,1.2272106162798548,4.3974020022737716e-05,23459096.027648512,1.0751169692235898,4029.0230524488243,1.0,2.318530751600666,0.0
pure_sparse,0.7858031663373599,0.05,9,EN,phits,8,12,5,0.4111485858267381,0.3333333333333333,0.5,1.009835748837065,0.3488253257181264,0.1720895917589099,0.4425671052055556,0.3671626586963936,1.0158030277892558,1.0,1.3549218772615519,0.0
pure_sparse,0.7858031663373599,0.05,9,Lasso,phits,8,12,5,0.3756684618262991,0.3333333333333333,1.0,0.9652808910070654,0.3573483917738596,0.26127043044621356,0.38174403549051733,0.3671626586963936,0.9434221480531229,1.0,1.3549218772615519,0.0
pure_sparse,0.7858031663373599,0.05,9,Ridge,phits,8,12,5,1073583.3641030674,0.6666666666666666,0.2857142857142857,1631.8086356820284,36.88289317925639,0.015612403128035432,1840428.361917645,0.3671626586963936,2071.4735687036755,1.0,1.3549218772615519,0.0
pure_sparse,0.7858031663373599,0.05,9,OMP,phits,8,12,5,1199088.1191261031,0.3333333333333333,0.25,1724.5543682726243,0.34140499303575267,3.985870724422176e-05,2055579.3705285634,0.3671626586963936,2189.2081829906992,1.0,1.3549218772615519,0.0
mixed,0.8960777373050633,0.0,0,EN,phits,8,12,5,0.20528142212599598,0.5,1.0,0.9049955104622985,0.11079826740527804,0.5675706038739461,0.06065001748713649,0.40776538862039924,0.6619505831409819,1.0,1.4278749746045682,0.0
mixed,0.8960777373050633,0.0,0,Lasso,phits,8,12,5,0.2506437030219168,0.0,0.0,1.0,0.44354906660407,0.0,0.13841392759442933,0.40776538862039924,1.0,1.0,1.4278749746045682,0.0
mixed,0.8960777373050633,0.0,0,Ridge,phits,8,12,5,0.16990237172854675,0.5,1.0,0.8233250355717062,0.5395449158448374,0.5675706038739461,2.1680579495187089e-07,0.40776538862039924,0.0012515423413913646,1.0,1.4278749746045682,0.0
mixed,0.8960777373050633,0.0,0,OMP,phits,8,12,5,0.1699022452584997,0.5,1.0,0.8233247291428603,0.5407768413964283,0.5675706038739461,1.7608502348683298e-33,0.40776538862039924,1.1279018621793652e-16,1.0,1.4278749746045682,0.0
mixed,0.8862713840857177,0.0,1,EN,phits,8,12,5,1.0794064192704338,0.5,0.5,1.1361937718078041,2.20875271275032,0.44147696883409565,1.142864829086824,0.9905646455274869,1.2548066303858765,1.0,2.22549392891498,0.0
mixed,0.8862713840857177,0.0,1,Lasso,phits,8,12,5,1.5650604576030318,0.5,0.5,1.3681240125625822,2.2012302222096025,0.36596228398839065,1.9754146090855635,0.9905646455274869,1.6497133982552066,1.0,2.22549392891498,0.0
mixed,0.8862713840857177,0.0,1,Ridge,phits,8,12,5,1.4527006752479021,0.5,0.5,1.3180988321928484,2.2024225265762136,0.3799814721553764,1.7827978393339132,0.9905646455274869,1.5672216427632688,1.0,2.22549392891498,0.0
mixed,0.8862713840857177,0.0,1,OMP,phits,8,12,5,0.41273526896978624,0.5,1.0,0.7025798610750315,2.225493928914984,0.7116049035889153,5.515721175043786e-26,0.9905646455274869,2.756642978932839e-13,1.0,2.22549392891498,0.0
mixed,0.70203573502628,0.0,2,EN,phits,8,12,5,2.8997210522512424,0.5,0.6666666666666666,1.102437736064466,0.7097628310937534,0.40212840840096276,3.512716538470776,2.041527371543895,1.1552918342180154,1.0,3.1949392572816584,0.0
mixed,0.70203573502628,0.0,2,Lasso,phits,8,12,5,2.782807702663137,0.5,0.6666666666666666,1.079984588670144,0.707856915477393,0.41193641099559153,3.3122936534625955,2.041527371543895,1.1218494185793655,1.0,3.1949392572816584,0.0
mixed,0.70203573502628,0.0,2,Ridge,phits,8,12,5,2.412544768736215,0.75,0.75,1.0055731076044436,0.6627637005069401,0.5633678120677476,2.677557195302159,2.041527371543895,1.0086477620113117,1.0,3.1949392572816584,0.0
mixed,0.70203573502628,0.0,2,OMP,phits,8,12,5,0.8506364048099563,0.75,1.0,0.5971011978758077,0.6546937304651171,0.802165917684911,2.5356243382103953e-31,2.041527371543895,3.103934919679686e-16,1.0,3.1949392572816584,0.0
mixed,0.7524362176286328,0.0,3,EN,phits,8,12,5,0.6788407599858722,0.3333333333333333,1.0,0.9708037518473305,0.7621023444381494,0.3265855186452465,0.060649765485141574,1.544308152286895,0.6786151125812163,1.0,2.7787660501442857,0.0
mixed,0.7524362176286328,0.0,3,Lasso,phits,8,12,5,0.7202860750534006,0.0,0.0,1.0,0.7871224503483223,0.0,0.13169887702947589,1.544308152286895,1.0,1.0,2.7787660501442857,0.0
mixed,0.7524362176286328,0.0,3,Ridge,phits,8,12,5,0.6434618504539847,0.3333333333333333,1.0,0.9451677449405529,1.0872883864804475,0.32658551864524654,2.06287620219089e-07,1.544308152286895,0.0012515423413910997,1.0,2.7787660501442857,0.0
mixed,0.7524362176286328,0.0,3,OMP,phits,8,12,5,0.6434617301195397,0.3333333333333333,1.0,0.9451676565621653,1.0878892220115066,0.32658551864524654,0.0,1.544308152286895,0.0,1.0,2.7787660501442857,0.0
mixed,0.8110125092149737,0.0,4,EN,phits,8,12,5,1.2043107363889207,0.3333333333333333,0.5,1.2132903022450574,1.1465753405015189,0.2949144683055684,1.0933026345889756,1.359722078908844,1.5922555448216138,1.0,2.6074145037842027,0.0
mixed,0.8110125092149737,0.0,4,Lasso,phits,8,12,5,0.5665508662130584,0.3333333333333333,1.0,0.8321754532433018,1.1465831252026681,0.5545124119625968,1.782970204231043e-12,1.359722078908844,2.0333615895052846e-06,1.0,2.6074145037842027,0.0
mixed,0.8110125092149737,0.0,4,Ridge,phits,8,12,5,30049.507828973947,0.3333333333333333,0.5,191.65234119352823,1.1454976601806304,0.0016023848008919284,51512.4707624704,1.359722078908844,345.61991824173094,1.0,2.6074145037842027,0.0
mixed,0.8110125092149737,0.0,4,OMP,phits,8,12,5,0.5665508662120183,0.3333333333333333,1.0,0.8321754532425379,1.146584891610848,0.5545124119625968,7.043400939473319e-33,1.359722078908844,1.27800860524029e-16,1.0,2.6074145037842027,0.0
mixed,0.7894287897292892,0.0,5,EN,phits,8,12,5,1.4974503392940832,0.3333333333333333,0.5,0.98831307018831,1.048869932952303,0.3421983362310243,0.25169056172353227,3.2415140278928547,0.8970715795787131,1.0,4.025862657799477,0.0
mixed,0.7894287897292892,0.0,5,Lasso,phits,8,12,5,1.53308897967184,0.0,0.0,1.0000046177402897,1.1668046200968756,0.0,0.3127853737996869,3.2415140278928547,1.0000388021601154,1.0,4.025862657799477,0.0
mixed,0.7894287897292892,0.0,5,Ridge,phits,8,12,5,1.396301535599316,0.3333333333333333,0.5,0.9543505593238347,1.0488699329523032,0.3449180466608112,0.07829261253250246,3.2415140278928547,0.5003270983493945,1.0,4.025862657799477,0.0
mixed,0.7894287897292892,0.0,5,OMP,phits,8,12,5,1.3506308449553561,0.3333333333333333,1.0,0.9386131975228511,1.0488699329523032,0.3449713979968903,0.0,3.2415140278928547,0.0,1.0,4.025862657799477,0.0
mixed,0.6124393684691606,0.0,6,EN,phits,8,12,5,1.0625492660836942,0.6,1.0,0.9092840656865124,0.6060978102444758,0.46374137110927444,0.12415052285600893,2.3763075066024535,0.49546624665135836,1.0,3.4469606224922655,0.0
mixed,0.6124393684691606,0.0,6,Lasso,phits,8,12,5,1.0561187177567135,0.6,1.0,0.9065283963764569,0.5951881861193045,0.4647079852168288,0.11312672572404214,2.3763075066024535,0.472957814977354,1.0,3.4469606224922655,0.0
mixed,0.6124393684691606,0.0,6,Ridge,phits,8,12,5,1.1538247791261318,0.6,1.0,0.9475343729417884,0.7247753016570421,0.4528226052248295,0.2806228309287591,2.3763075066024535,0.7449057009612382,1.0,3.4469606224922655,0.0
mixed,0.6124393684691606,0.0,6,OMP,phits,8,12,5,0.9901281277510222,0.6,1.0,0.8777498053824346,0.37029765953985283,0.47911927445167357,8.680991657900867e-29,2.3763075066024535,1.310160394404745e-14,1.0,3.4469606224922655,0.0
mixed,0.740372568674884,0.0,7,EN,phits,8,12,5,0.5030171037209813,0.75,1.0,0.5415950849911347,0.8359025294996524,0.8406544084462385,0.00036930456089255434,1.2067240225451057,0.013331704586337029,1.0,2.4563428328972177,0.0
mixed,0.740372568674884,0.0,7,Lasso,phits,8,12,5,0.502919542696936,0.75,1.0,0.5415425607996112,0.8314274807684873,0.8406810588372923,0.00020205709110048575,1.2067240225451057,0.009861214242482269,1.0,2.4563428328972177,0.0
mixed,0.740372568674884,0.0,7,Ridge,phits,8,12,5,1.3157335134481707,0.75,1.0,0.8759257763092121,1.6557535361188753,0.7388741592673882,1.3935974355217886,1.2067240225451057,0.8189587272176586,1.0,2.4563428328972177,0.0
mixed,0.740372568674884,0.0,7,OMP,phits,8,12,5,0.5028016760604607,0.75,1.0,0.5414790978248875,0.8187809442991144,0.8407142122140829,2.1697971368150902e-27,1.2067240225451057,3.2314907117630593e-14,1.0,2.4563428328972177,0.0
mixed,0.8076246211457785,0.0,8,EN,phits,8,12,5,34.42622100032419,0.3333333333333333,0.5,5.398733279273263,0.8993220372718314,0.0430862863789855,57.92930199190131,1.52190761211622,7.8596755421354425,1.0,2.7585391171018583,0.0
mixed,0.8076246211457785,0.0,8,Lasso,phits,8,12,5,57017.97559290108,0.3333333333333333,0.5,219.7116535787025,0.8978545202963903,0.0010471776337967038,97744.01393953605,1.52190761211622,322.8498249202588,1.0,2.7585391171018583,0.0
mixed,0.8076246211457785,0.0,8,Ridge,phits,8,12,5,32517.186701155617,0.6666666666666666,0.5,165.9218869382661,0.44447453959311856,0.0020880321497288253,55742.661553686696,1.52190761211622,243.80876858236147,1.0,2.7585391171018583,0.0
mixed,0.8076246211457785,0.0,8,OMP,phits,8,12,5,0.6341281717150916,0.6666666666666666,1.0,0.7327160749253387,0.8647861309575146,0.6805344616887564,2.0878666160262208e-21,1.52190761211622,4.718531356555268e-11,1.0,2.7585391171018583,0.0
mixed,0.6326516821244892,0.0,9,EN,phits,8,12,5,10964.82789785282,0.6,0.75,72.45081011357695,183.00535587028222,0.5079989729912029,18796.457884620115,0.5459163786103709,76.74918786778889,1.0,1.6521446344227417,0.0
mixed,0.6326516821244892,0.0,9,Lasso,phits,8,12,5,2.8558660684177504,0.4,0.6666666666666666,1.1692604350017486,1.1883692497178657,0.3441539055675252,4.505830132565878,0.5459163786103709,1.1882920406217918,1.0,1.6521446344227417,0.0
mixed,0.6326516821244892,0.0,9,Ridge,phits,8,12,5,21604.22757770329,0.8,0.6666666666666666,101.69783509730354,255.56824146076667,0.5079652719209818,37035.42876436377,0.5459163786103709,107.73193716101795,1.0,1.6521446344227417,0.0
mixed,0.6326516821244892,0.0,9,OMP,phits,8,12,5,0.22746515775432122,0.8,1.0,0.32998923881743614,0.4130361586340576,0.94398469387204,4.599677511988548e-22,0.5459163786103709,1.2006031337928623e-11,1.0,1.6521446344227417,0.0
mixed,0.8353208995037587,0.01,0,EN,phits,8,12,5,73743.68006772347,0.5,0.3333333333333333,344.7723371787481,1.5632588349630736,0.00011949815699024212,126416.71814439245,1.426760386919503,1687.3835570026306,1.0,2.6709178075331175,0.0
mixed,0.8353208995037587,0.01,0,Lasso,phits,8,12,5,0.5944852823904817,0.5,1.0,0.9789050371382457,1.5605686840326853,0.2043228085617025,3.064869752148888e-06,1.426760386919503,0.00830840327887715,1.0,2.6709178075331175,0.0
mixed,0.8353208995037587,0.01,0,Ridge,phits,8,12,5,89029.49699568852,0.5,0.14285714285714285,378.82354987715723,1.5593346925265754,0.00010953250608134397,152620.97573518963,1.426760386919503,1854.038165234315,1.0,2.6709178075331175,0.0
mixed,0.8353208995037587,0.01,0,OMP,phits,8,12,5,58908.23862722422,0.5,0.25,308.14705984336507,1.5586411229881945,0.00013482360967646676,100984.5328178223,1.426760386919503,1508.1307228829407,1.0,2.6709178075331175,0.0
mixed,0.8447325293796053,0.01,1,EN,phits,8,12,5,297.90521568738103,0.5,0.25,28.484335478623883,0.36867243066679606,0.001428335406135732,510.27186302993476,0.5919094078056963,49.69281482974078,1.0,1.7203334092635885,0.0
mixed,0.8447325293796053,0.01,1,Lasso,phits,8,12,5,382.4378397809228,0.0,0.0,32.273604074393255,0.517636394843115,5.586781615114046e-19,655.1849329045779,0.5919094078056963,56.30860107290144,1.0,1.7203334092635885,0.0
mixed,0.8447325293796053,0.01,1,Ridge,phits,8,12,5,97.7942194579161,0.5,0.14285714285714285,16.320130645482475,0.08405437333422872,0.01007643592418303,167.2244409222807,0.5919094078056963,28.447405503566547,1.0,1.7203334092635885,0.0
mixed,0.8447325293796053,0.01,1,OMP,phits,8,12,5,390.8205204502372,0.0,0.0,32.625390462740555,0.5176363948431151,0.0,669.5552426234026,0.5919094078056963,56.922765916023835,1.0,1.7203334092635885,0.0
mixed,0.8247803510463694,0.01,2,EN,phits,8,12,5,1.0414528088620127,0.3333333333333333,1.0,0.8546843263227539,1.0050761221850903,0.5191516051109931,1.0449539587665795,1.036551198995619,0.7831711868860279,1.0,2.2765667121738593,0.0
mixed,0.8247803510463694,0.01,2,Lasso,phits,8,12,5,1.0414496279668564,0.3333333333333333,1.0,0.8546830210963978,1.0065519134405976,0.5191516051109932,1.0449485058034544,1.036551198995619,0.7831691434423248,1.0,2.2765667121738593,0.0
mixed,0.8247803510463694,0.01,2,Ridge,phits,8,12,5,158229.6735114733,0.6666666666666666,0.2857142857142857,333.1423982643958,1.0060815972228905,0.0006820025074006117,271250.1284830978,1.036551198995619,399.0185625245139,1.0,2.2765667121738593,0.0
mixed,0.8247803510463694,0.01,2,OMP,phits,8,12,5,158706.04353969186,0.3333333333333333,0.25,333.6435046113265,1.0071522969521158,0.0008063795633379087,272066.7628171867,1.036551198995619,399.6187601596205,1.0,2.2765667121738593,0.0
mixed,0.6469431359907026,0.01,3,EN,phits,8,12,5,2485770.9167320793,0.6,0.75,1218.3556092319748,2731.1642089953143,0.5140163390027216,4261320.816191513,1.0574888714831527,1419.3033885263194,1.0,2.299444358408301,0.0
mixed,0.6469431359907026,0.01,3,Lasso,phits,8,12,5,2.354757741605436,0.4,1.0,1.1858141614089646,1.0356938358877508,0.46586509704882456,3.2813783631213527,1.0574888714831527,1.2454642870037311,1.0,2.299444358408301,0.0
mixed,0.6469431359907026,0.01,3,Ridge,phits,8,12,5,2483186.820017045,0.6,0.42857142857142855,1217.7221704559586,2730.725944438736,0.5140856715161113,4256890.936108598,1.0574888714831527,1418.5654742804177,1.0,2.299444358408301,0.0
mixed,0.6469431359907026,0.01,3,OMP,phits,8,12,5,4411133.695375441,0.6,0.75,1623.000397792432,3638.128073750372,0.513893137899445,7561942.7224372765,1.0574888714831527,1890.6877727834633,1.0,2.299444358408301,0.0
mixed,0.6311524901083174,0.01,4,EN,phits,8,12,5,1627985.4527711098,0.6,0.42857142857142855,966.5929444837825,0.7625535116871505,0.0007260328370467213,2790831.9591909223,0.34378337310831225,1008.9538467929252,1.0,1.3110746986886603,0.0
mixed,0.6311524901083174,0.01,4,Lasso,phits,8,12,5,1599259.396174888,0.4,0.3333333333333333,958.0271486669517,1.268021640033453,0.0005993047372981878,2741587.2907402553,0.34378337310831225,1000.0126544809076,1.0,1.3110746986886603,0.0
mixed,0.6311524901083174,0.01,4,Ridge,phits,8,12,5,1638422.4395052672,0.6,0.42857142857142855,969.6863997529185,163.96186076930937,0.04352112405177145,2808723.936449478,0.34378337310831225,1012.1828729157359,1.0,1.3110746986886603,0.0
mixed,0.6311524901083174,0.01,4,OMP,phits,8,12,5,5.694135965670243,0.4,0.5,1.807724638772748,1.2681375559416677,0.3109728961177396,9.515816388928766,0.34378337310831225,1.8630627533935584,1.0,1.3110746986886603,0.0
mixed,0.6954752770590563,0.01,5,EN,phits,8,12,5,68815.76245851589,0.25,0.2,188.53444347874435,1.6323606341338086,0.0012889702814121253,117967.96401453472,2.680280089545375,289.8275602344712,1.0,3.660792325129476,0.0
mixed,0.6954752770590563,0.01,5,Lasso,phits,8,12,5,1.4936322614073962,0.25,0.25,0.8783519767647018,1.6319632598829015,0.47886273436061044,0.6460266698802688,2.680280089545375,0.6782391619159431,1.0,3.660792325129476,0.0
mixed,0.6954752770590563,0.01,5,Ridge,phits,8,12,5,77267.58518022577,0.5,0.2857142857142857,199.7769645437085,3.3585811265286707,-0.0011012463181149191,132456.80296603736,2.680280089545375,307.11057644666676,1.0,3.660792325129476,0.0
mixed,0.6954752770590563,0.01,5,OMP,phits,8,12,5,29471.314445022348,0.25,0.25,123.38049076042655,1.6352231531008403,0.0019732181658399447,50520.33884854578,2.680280089545375,189.66655950901477,1.0,3.660792325129476,0.0
mixed,0.728578380626248,0.01,6,EN,phits,8,12,5,1544797.5346106614,0.5,1.0,730.5785121833986,1437.4120494099216,0.29420671526747405,2648221.7818382042,3.588492101250838,1050.79486570279,1.0,4.235854164894513,0.0
mixed,0.728578380626248,0.01,6,Lasso,phits,8,12,5,1.7448241231758423,0.25,1.0,0.7764382806644683,2.3015144296596217,0.6301992276253978,0.42791842455084556,3.588492101250838,0.42239742150895143,1.0,4.235854164894513,0.0
mixed,0.728578380626248,0.01,6,Ridge,phits,8,12,5,2698854.8322751666,0.5,0.2857142857142857,965.6525090895657,1860.3105235814048,0.28805787750345574,4626605.720691642,3.588492101250838,1388.903302885016,1.0,4.235854164894513,0.0
mixed,0.728578380626248,0.01,6,OMP,phits,8,12,5,438369.10802445794,0.25,0.25,389.18050887404456,2.310293699044739,0.0010196736533922572,751487.3362618556,3.588492101250838,559.7596619902707,1.0,4.235854164894513,0.0
mixed,0.7771830146855081,0.01,7,EN,phits,8,12,5,1798338.764941383,0.6666666666666666,0.4,1125.3251103874275,4642.105297152497,0.6536592323892607,3082865.291837986,1.627286138233091,1556.747762674983,1.0,2.85244293390165,0.0
mixed,0.7771830146855081,0.01,7,Lasso,phits,8,12,5,2266490.6056871726,0.6666666666666666,0.5,1263.3370078236167,5212.341549106646,0.6537847438042749,3885411.3045450533,1.627286138233091,1747.6701789209435,1.0,2.85244293390165,0.0
mixed,0.7771830146855081,0.01,7,Ridge,phits,8,12,5,2134689.2034844956,0.6666666666666666,0.2857142857142857,1226.0539576685417,5061.4690216078925,0.6541633554019213,3659466.0436261795,1.627286138233091,1696.0936840342267,1.0,2.85244293390165,0.0
mixed,0.7771830146855081,0.01,7,OMP,phits,8,12,5,1786846.0562023458,0.6666666666666666,0.5,1121.723518970031,4631.845487582699,0.6543076840082747,3063163.5054282085,1.627286138233091,1551.7654056239512,1.0,2.85244293390165,0.0
mixed,0.6705048168817547,0.01,8,EN,phits,8,12,5,534563.8386972836,0.5,0.5,673.3968439523159,1.5369553118162695,0.0011228741087100516,916394.8737550583,0.3896163991993513,725.1779364141149,1.0,1.3957370798244046,0.0
mixed,0.6705048168817547,0.01,8,Lasso,phits,8,12,5,524637.1897785916,0.5,0.5,667.1151825391183,1.531381923870092,0.001130164941741729,899377.7613230149,0.3896163991993513,718.4132423237106,1.0,1.3957370798244046,0.0
mixed,0.6705048168817547,0.01,8,Ridge,phits,8,12,5,1792953.643713869,0.75,0.42857142857142855,1233.2633311005154,559.3418729884587,-0.12795691528751396,3073634.539497775,0.3896163991993513,1328.0956999510443,1.0,1.3957370798244046,0.0
mixed,0.6705048168817547,0.01,8,OMP,phits,8,12,5,234775.57993693033,0.75,0.75,446.2700578306332,1117.6094115604344,-0.7113305658100753,402472.14445159544,0.3896163991993513,480.5860612198492,1.0,1.3957370798244046,0.0
mixed,0.8672823539561897,0.01,9,EN,phits,8,12,5,0.6125256893104631,0.3333333333333333,1.0,0.7112600205608012,2.0911543931426904,0.7029411077674872,0.9318058530934127,0.16553346001433375,0.6899592164670032,1.0,0.909762221721516,0.0
mixed,0.8672823539561897,0.01,9,Lasso,phits,8,12,5,118.27639643051118,0.6666666666666666,0.5,9.883602856947629,9.625807165426387,0.2553076803623565,202.64129855229467,0.16553346001433375,10.174771929436133,1.0,0.909762221721516,0.0
mixed,0.8672823539561897,0.01,9,Ridge,phits,8,12,5,165.18290032136198,0.6666666666666666,0.2857142857142857,11.680159887051001,5.620446689858915,0.1582433167099916,283.05244807946747,0.16553346001433375,12.0252513017046,1.0,0.909762221721516,0.0
mixed,0.8672823539561897,0.01,9,OMP,phits,8,12,5,177.39424391908983,0.6666666666666666,0.5,12.104197631039774,13.450360023124286,0.26353375862291956,303.9861799612866,0.16553346001433375,12.461996449506206,1.0,0.909762221721516,0.0
mixed,0.6689017166505729,0.05,0,EN,phits,8,12,5,88207527.76550652,0.75,0.6,10748.381948604776,21696.24343242477,0.5387087694398182,151212904.56521842,0.24590986221307398,11551.376406224901,1.0,1.1088504457614516,0.0
mixed,0.6689017166505729,0.05,0,Lasso,phits,8,12,5,88120357.84897889,0.75,0.6,10743.069663055103,21685.517718558767,0.5387086522881621,151063470.4225996,0.24590986221307398,11545.667248295236,1.0,1.1088504457614516,0.0
mixed,0.6689017166505729,0.05,0,Ridge,phits,8,12,5,90985642.99122113,0.75,0.42857142857142855,10916.331112062928,21678.547436968558,0.5300039418623644,155975387.80930063,0.24590986221307398,11731.87278379397,1.0,1.1088504457614516,0.0
mixed,0.6689017166505729,0.05,0,OMP,phits,8,12,5,99930352.42676342,0.5,0.5,11440.341152674471,21691.482356836357,0.5058219715814515,171309175.41308737,0.24590986221307398,12295.030778686276,1.0,1.1088504457614516,0.0
mixed,0.8259545885529039,0.05,1,EN,phits,8,12,5,6796.656728500314,0.3333333333333333,0.2,59.619915676216195,0.8629234168560912,0.002741953032551609,11649.766983538302,2.3023714471290315,84.45376219954547,1.0,3.392912795172484,0.0
mixed,0.8259545885529039,0.05,1,Lasso,phits,8,12,5,4689.219620174893,0.3333333333333333,0.3333333333333333,49.52152112074671,0.8610244553488448,0.0032947495260075006,8037.017654980438,2.3023714471290315,70.14679659737467,1.0,3.392912795172484,0.0
mixed,0.8259545885529039,0.05,1,Ridge,phits,8,12,5,10154597.319494871,0.6666666666666666,0.2857142857142857,2304.491138718171,7484.073288098296,0.3921757698580963,17407879.474583033,2.3023714471290315,3264.625114037033,1.0,3.392912795172484,0.0
mixed,0.8259545885529039,0.05,1,OMP,phits,8,12,5,21968483.423399586,0.3333333333333333,0.25,3389.5631366476828,0.8721156207400625,4.868269558540955e-05,37660255.65270541,2.3023714471290315,4801.777293340571,1.0,3.392912795172484,0.0
mixed,0.7326549718254213,0.05,2,EN,phits,8,12,5,0.7269313117634164,0.25,0.5,0.955016700122807,0.4710954287886226,0.2965905478432634,3.3838859767142765e-05,1.7445877738285254,0.01677909373345906,1.0,2.9534621834624235,0.0
mixed,0.7326549718254213,0.05,2,Lasso,phits,8,12,5,0.7269116049030665,0.25,1.0,0.9550037549462875,0.4710954287886226,0.296593777384489,5.5670595643802475e-08,1.7445877738285254,0.0006805712108488068,1.0,2.9534621834624235,0.0
mixed,0.7326549718254213,0.05,2,Ridge,phits,8,12,5,5153631.202963691,0.25,0.14285714285714285,2542.8511952806907,0.4710954287886226,3.511644509242474e-05,8834795.101803632,1.7445877738285254,8573.514381765612,1.0,2.9534621834624235,0.0
mixed,0.7326549718254213,0.05,2,OMP,phits,8,12,5,5433817.535253135,0.25,0.25,2611.059710462267,0.4710954287886226,3.423329984357736e-05,9315114.528585535,1.7445877738285254,8803.48724386597,1.0,2.9534621834624235,0.0
mixed,0.6144675972744967,0.05,3,EN,phits,8,12,5,106823626.1662658,0.8,0.6666666666666666,8286.085704213387,17719.277256480942,0.4929422303971149,183126215.9021844,0.5359798367111999,8953.555413397075,1.0,1.6370397623625395,0.0
mixed,0.6144675972744967,0.05,3,Lasso,phits,8,12,5,106825049.64780091,0.8,0.8,8286.14091227516,17719.282797514625,0.49296858138106037,183128656.15624452,0.5359798367111999,8953.615068638286,1.0,1.6370397623625395,0.0
mixed,0.6144675972744967,0.05,3,Ridge,phits,8,12,5,105090169.12126493,0.8,0.5714285714285714,8218.58040491521,17709.976769363944,0.4493276644415436,180154575.25361142,0.5359798367111999,8880.61235429673,1.0,1.6370397623625395,0.0
mixed,0.6144675972744967,0.05,3,OMP,phits,8,12,5,104668345.22310676,0.6,0.75,8202.069443360291,17720.864312321133,0.4029165118752562,179431448.57105455,0.5359798367111999,8862.771383927913,1.0,1.6370397623625395,0.0
mixed,0.6229409234991317,0.05,4,EN,phits,8,12,5,8.182080912518126,0.4,0.6666666666666666,2.113224442376841,5.074787499528462,0.5325783484406775,12.068768336357317,2.7407185191432584,3.193685827030919,1.0,3.7018363815431243,0.0
mixed,0.6229409234991317,0.05,4,Lasso,phits,8,12,5,5.819484453033656,0.4,1.0,1.782198182563396,4.731372155767417,0.5759289539933055,8.018602977241082,2.7407185191432584,2.6032151972630264,1.0,3.7018363815431243,0.0
mixed,0.6229409234991317,0.05,4,Ridge,phits,8,12,5,129.18536249792595,0.4,0.2857142857142857,8.396927324909777,5.951747025528767,0.17023499092493266,219.50296533991357,2.7407185191432584,13.620119290778485,1.0,3.7018363815431243,0.0
mixed,0.6229409234991317,0.05,4,OMP,phits,8,12,5,490.82849362214876,0.2,0.25,16.36735957508447,6.148393156164476,0.0861393626343531,839.462618695724,2.7407185191432584,26.635533280026078,1.0,3.7018363815431243,0.0
mixed,0.8254942439944146,0.05,5,EN,phits,8,12,5,9.851009016257246,0.6666666666666666,0.6666666666666666,2.924615639659246,9.04439631485382,0.5019462569839859,16.485957574011046,0.562081035401925,3.2375031208287646,1.0,1.6764263112375757,0.0
mixed,0.8254942439944146,0.05,5,Lasso,phits,8,12,5,0.35289823734235476,0.3333333333333333,1.0,0.5535453213414576,0.8221069127226045,0.8328641288919759,0.2034819530140903,0.562081035401925,0.35967980612670414,1.0,1.6764263112375757,0.0
mixed,0.8254942439944146,0.05,5,Ridge,phits,8,12,5,654.1058389167067,0.6666666666666666,0.2857142857142857,23.83155894788766,86.99243701195184,0.33259364781363776,1120.9228088319244,0.562081035401925,26.69567829033949,1.0,1.6764263112375757,0.0
mixed,0.8254942439944146,0.05,5,OMP,phits,8,12,5,2614.117242065657,0.3333333333333333,0.25,47.642108146915355,176.8320255682835,0.320474791655431,4480.942357087269,0.562081035401925,53.37498738479327,1.0,1.6764263112375757,0.0
mixed,0.7830320727196116,0.05,6,EN,phits,8,12,5,163708769.08291954,0.75,1.0,12734.356211174674,29548.900785695023,0.30825982646564465,280643603.47829235,0.9293976385728488,16219.734452856017,1.0,2.155687406110692,0.0
mixed,0.7830320727196116,0.05,6,Lasso,phits,8,12,5,163623549.87794212,0.75,1.0,12731.041321621697,29541.209007520065,0.308259836885806,280497513.4126168,0.9293976385728488,16215.512281940939,1.0,2.155687406110692,0.0
mixed,0.7830320727196116,0.05,6,Ridge,phits,8,12,5,170755978.08109522,0.75,0.42857142857142855,13005.557722848649,29947.493307344936,0.3059028409091432,292724533.1894506,0.9293976385728488,16565.163498495698,1.0,2.155687406110692,0.0
mixed,0.7830320727196116,0.05,6,OMP,phits,8,12,5,173810561.7040294,0.75,0.75,13121.367642205023,29521.06292631837,0.29888640370614583,297960962.25733787,0.9293976385728488,16712.670456220938,1.0,2.155687406110692,0.0
mixed,0.8474384547716113,0.05,7,EN,phits,8,12,5,18959152.93381155,0.6666666666666666,0.5,6282.962028991488,1.659850310508184,0.00020429186872126566,32501404.934532624,0.1328020435870206,6679.519103750729,1.0,0.8148682212082534,0.0
mixed,0.8474384547716113,0.05,7,Lasso,phits,8,12,5,12323431.779714534,0.6666666666666666,0.5,5065.482307254299,1.6468731160064554,0.0002540270529033606,21125882.956080597,0.1328020435870206,5385.196609227412,1.0,0.8148682212082534,0.0
mixed,0.8474384547716113,0.05,7,Ridge,phits,8,12,5,15081868.942870097,0.6666666666666666,0.2857142857142857,5603.799026549437,2.877159963606042,0.0002684552893758533,25854632.378632996,0.1328020435870206,5957.489869373346,1.0,0.8148682212082534,0.0
mixed,0.8474384547716113,0.05,7,OMP,phits,8,12,5,14493675.439335773,0.6666666666666666,0.5,5493.438110351905,4.407969491425568,0.00032351082909829913,24846300.658288438,0.1328020435870206,5840.16338433292,1.0,0.8148682212082534,0.0
mixed,0.7798518095050269,0.05,8,EN,phits,8,12,5,0.7903271753649754,0.0,0.0,1.0,0.7391162228101151,0.0,0.0,1.896785220875941,0.0,1.0,3.0795983673816467,0.0
mixed,0.7798518095050269,0.05,8,Lasso,phits,8,12,5,0.7903271753649754,0.0,0.0,1.0,0.7391162228101151,0.0,0.0,1.896785220875941,0.0,1.0,3.0795983673816467,0.0
mixed,0.7798518095050269,0.05,8,Ridge,phits,8,12,5,0.7903271753649772,0.0,0.0,1.000000000000001,0.7391162228101151,0.0,3.0735800066563233e-15,1.896785220875941,1466.8012832893985,1.0,3.0795983673816467,0.0
mixed,0.7798518095050269,0.05,8,OMP,phits,8,12,5,0.7903271753649754,0.0,0.0,1.0,0.7391162228101151,0.0,0.0,1.896785220875941,0.0,1.0,3.0795983673816467,0.0
mixed,0.7382055484772223,0.05,9,EN,phits,8,12,5,14209063.114560097,0.5,0.5,3659.697508969794,8706.335085331712,0.3679862999521438,24358393.05506767,1.1978494983040056,5029.12925214745,1.0,2.447293911960725,0.0
mixed,0.7382055484772223,0.05,9,Lasso,phits,8,12,5,4656700.28214215,0.5,0.6666666666666666,2095.0848287324034,4984.611650917585,0.36806611513055776,7982913.913779758,1.1978494983040056,2879.0499740722244,1.0,2.447293911960725,0.0
mixed,0.7382055484772223,0.05,9,Ridge,phits,8,12,5,16759225.676716423,0.5,0.2857142857142857,3974.563531069546,9208.402461004187,0.35837218544051486,28730100.304478507,1.1978494983040056,5461.815825774523,1.0,2.447293911960725,0.0
mixed,0.7382055484772223,0.05,9,OMP,phits,8,12,5,17652944.449291784,0.5,0.5,4079.16287150064,8702.017466785663,0.3299886173614755,30262189.628893413,1.1978494983040056,5605.555470458004,1.0,2.447293911960725,0.0
smooth,0.7691171988614418,0.0,0,EN,phits,8,12,5,1811.9323457409212,0.6,0.75,33.07275660867197,1.16980226390568,0.007949203531419372,3104.8505672415185,1.8468356400853019,45.186787994588876,1.0,3.0387790641023096,0.0
smooth,0.7691171988614418,0.0,0,Lasso,phits,8,12,5,1.3977539507438468,0.4,1.0,0.9185753143725038,1.2109888543226086,0.4355240153053626,1.07698131549995,1.8468356400853019,0.8415796094828136,1.0,3.0387790641023096,0.0
smooth,0.7691171988614418,0.0,0,Ridge,phits,8,12,5,457.6425962192363,0.6,0.75,16.621209601916146,1.1674737580222292,0.029420931081847842,783.2109966329155,1.8468356400853019,22.69501678793865,1.0,3.0387790641023096,0.0
smooth,0.7691171988614418,0.0,0,OMP,phits,8,12,5,1829.4052530169693,0.4,0.6666666666666666,33.2318383578133,0.7773999611447315,0.005840934320850077,3134.8041225718866,1.8468356400853019,45.40423101577224,1.0,3.0387790641023096,0.0
smooth,0.7716780257496125,0.0,1,EN,phits,8,12,5,0.6709343626811406,0.6666666666666666,0.5,0.7934579234564898,0.46829237598397433,0.6086383937663784,0.0002735180398575382,1.6098595451789368,0.02010007393028248,1.0,2.8371284295735864,0.0
smooth,0.7716780257496125,0.0,1,Lasso,phits,8,12,5,0.6707952525798447,0.6666666666666666,0.6666666666666666,0.7933756622546313,0.46832521161307794,0.608748003818103,3.504358049325961e-05,1.6098595451789368,0.007194637275423675,1.0,2.8371284295735864,0.0
smooth,0.7716780257496125,0.0,1,Ridge,phits,8,12,5,241.3676360772581,0.6666666666666666,0.5,15.04954611937479,0.34605372110333454,0.01528281311380321,412.62319074302894,1.6098595451789368,24.687748450192554,1.0,2.8371284295735864,0.0
smooth,0.7716780257496125,0.0,1,OMP,phits,8,12,5,964.4206109497181,0.3333333333333333,0.5,30.082721652633392,0.6053279973927775,0.003022216066345212,1652.1425762386748,1.6098595451789368,49.4001683212846,1.0,2.8371284295735864,0.0
smooth,0.7452202373386828,0.0,2,EN,phits,8,12,5,1636.2288188093191,0.5,0.5,27.341367426227226,2.403788746451367,0.000591641822455288,2802.142210410293,3.9500705679558727,54.869841706266236,1.0,4.4441369060571665,0.0
smooth,0.7452202373386828,0.0,2,Lasso,phits,8,12,5,1626.3744421506499,0.25,0.5,27.258909817725957,2.403258435893688,0.0005882326522422257,2785.2489932811454,3.9500705679558727,54.70419532836493,1.0,4.4441369060571665,0.0
smooth,0.7452202373386828,0.0,2,Ridge,phits,8,12,5,411.7257551213604,0.5,0.5,13.715202675677792,2.424420962696855,0.009629968643133677,702.9941012309351,3.9500705679558727,27.48302048984754,1.0,4.4441369060571665,0.0
smooth,0.7452202373386828,0.0,2,OMP,phits,8,12,5,1643.6051310304726,0.25,0.5,27.402927176828975,2.4030350419576085,0.0005854394712130002,2814.7873170751272,3.9500705679558727,54.99350673651299,1.0,4.4441369060571665,0.0
smooth,0.6905855272637595,0.0,3,EN,phits,8,12,5,58430.7265563409,0.75,0.75,196.3016897651617,0.8448897507580974,0.005791522010652564,100166.81482222393,0.20298410467082562,202.01634431190254,1.0,1.0074326396112685,0.0
smooth,0.6905855272637595,0.0,3,Lasso,phits,8,12,5,0.5421087221687034,0.75,1.0,0.5979248347297095,1.125929779190016,0.9155054061316608,0.7843405918100448,0.20298410467082562,0.5652973136188634,1.0,1.0074326396112685,0.0
smooth,0.6905855272637595,0.0,3,Ridge,phits,8,12,5,113093.47050643207,0.75,0.75,273.1002894812512,0.6643135615404915,0.003912862217211789,193874.37587952308,0.20298410467082562,281.0507717833383,1.0,1.0074326396112685,0.0
smooth,0.6905855272637595,0.0,3,OMP,phits,8,12,5,0.08457671027951068,0.75,1.0,0.23617220756645174,0.3358108798704982,0.9717112165521139,8.351473592625324e-21,0.20298410467082562,5.833190125795452e-11,1.0,1.0074326396112685,0.0
smooth,0.6656121406607397,0.0,4,EN,phits,8,12,5,1.0561638760574652,0.6,0.75,0.5874632920999124,0.9092027641771748,0.80925220590567,1.4975835946922336,0.43817626996879017,0.5509676091801803,1.0,1.4801626092574933,0.0
smooth,0.6656121406607397,0.0,4,Lasso,phits,8,12,5,1.0635785294806264,0.4,1.0,0.5895217882470374,0.9205279063561501,0.8077524751948342,1.5102944291319378,0.43817626996879017,0.5533008547731595,1.0,1.4801626092574933,0.0
smooth,0.6656121406607397,0.0,4,Ridge,phits,8,12,5,3.2580360069149417,0.8,0.6666666666666666,1.0317940519521114,0.7206435757911294,0.6379991225422084,5.27222153330505,0.43817626996879017,1.0337781679564666,1.0,1.4801626092574933,0.0
smooth,0.6656121406607397,0.0,4,OMP,phits,8,12,5,0.18257344582032922,0.8,1.0,0.24424961411598706,0.370040652314374,0.969712393446733,2.887794385184061e-31,0.43817626996879017,2.419433360981519e-16,1.0,1.4801626092574933,0.0
smooth,0.6607450692942989,0.0,5,EN,phits,8,12,5,2160.0614738378285,0.8,0.8,30.82274918263017,1.0156618508182271,0.012314623951238394,3701.399224156753,2.188623391335199,39.81961769440516,1.0,3.308038233859457,0.0
smooth,0.6607450692942989,0.0,5,Lasso,phits,8,12,5,1.6390872987103127,0.6,1.0,0.8490619117764245,0.9637392961261377,0.5450325143231496,1.2465615182639653,2.188623391335199,0.7307536264294068,1.0,3.308038233859457,0.0
smooth,0.6607450692942989,0.0,5,Ridge,phits,8,12,5,545.3150376810732,0.8,0.8,15.486812978027787,1.4364125742177807,0.041070734489870454,933.2624764594575,2.188623391335199,19.994752079468647,1.0,3.308038233859457,0.0
smooth,0.6607450692942989,0.0,5,OMP,phits,8,12,5,2179.084192609485,0.6,0.75,30.958172932379586,0.5611728124032784,0.009777068619661758,3734.0095991938774,2.188623391335199,39.99464408422672,1.0,3.308038233859457,0.0
smooth,0.7719520009517464,0.0,6,EN,phits,8,12,5,0.44043761279403615,0.6666666666666666,0.6666666666666666,0.8259094004168427,0.34155048743444244,0.7352553238484079,0.6618549504484116,0.13045334007791054,0.8080266145105006,1.0,0.8076302993260919,0.0
smooth,0.7719520009517464,0.0,6,Lasso,phits,8,12,5,0.6457464113873089,0.0,0.0,1.0000488387398339,0.7475068864047905,0.0,1.013812890894022,0.13045334007791054,1.000053327935625,1.0,0.8076302993260919,0.0
smooth,0.7719520009517464,0.0,6,Ridge,phits,8,12,5,0.16496223658856768,0.6666666666666666,0.6666666666666666,0.5054549771205616,0.7911958900684388,0.9041802033855243,0.1896114483818942,0.13045334007791054,0.432490460588581,1.0,0.8076302993260919,0.0
smooth,0.7719520009517464,0.0,6,OMP,phits,8,12,5,0.05435555836579606,0.6666666666666666,1.0,0.29014306191192824,0.40381514966304594,0.9569832828343299,0.0,0.13045334007791054,0.0,1.0,0.8076302993260919,0.0
smooth,0.860185580609991,0.0,7,EN,phits,8,12,5,10.160109111567717,0.5,0.5,2.8224375685670733,1.1833685208073492,0.03873755817142229,15.45776900875909,2.7433852554997946,8.254650372066784,1.0,3.703636898711721,0.0
smooth,0.860185580609991,0.0,7,Lasso,phits,8,12,5,28096.957924103725,0.5,0.5,148.42423145730766,1.1854365605738597,0.0006978986155970576,48164.25402328103,2.7433852554997946,460.7737141710004,1.0,3.703636898711721,0.0
smooth,0.860185580609991,0.0,7,Ridge,phits,8,12,5,15808.664052105943,0.5,0.5,111.33270049493699,1.1849053332806962,0.0009308159654768379,27098.607385570544,2.7433852554997946,345.6199182417293,1.0,3.703636898711721,0.0
smooth,0.860185580609991,0.0,7,OMP,phits,8,12,5,1.1430771897915812,0.5,1.0,0.9467012215436124,1.1833281967537577,0.3221130191840003,7.043400939473319e-33,2.7433852554997946,1.762042917619818e-16,1.0,3.703636898711721,0.0
smooth,0.8521522681837319,0.0,8,EN,phits,8,12,5,10067.19590168974,0.5,0.5,91.23318324353582,1.1613481858384036,0.009940587682435942,17257.857346472905,0.2698789933076747,95.79441715299866,1.0,1.1616346097368024,0.0
smooth,0.8521522681837319,0.0,8,Lasso,phits,8,12,5,5101.108531012642,0.5,0.5,64.94277621029765,1.1612379556983572,0.013963689309228998,8744.564711026453,0.2698789933076747,68.18924155154052,1.0,1.1616346097368024,0.0
smooth,0.8521522681837319,0.0,8,Ridge,phits,8,12,5,131045.21537644253,0.5,0.5,329.1615909800523,1.1570936483915464,0.002752109747764802,224648.74787462057,0.2698789933076747,345.6199182417483,1.0,1.1616346097368024,0.0
smooth,0.8521522681837319,0.0,8,OMP,phits,8,12,5,0.11244958054486444,0.5,1.0,0.3049140863135339,1.1616346097368022,0.9523798611728319,0.0,0.2698789933076747,0.0,1.0,1.1616346097368024,0.0
smooth,0.8373108326226072,0.0,9,EN,phits,8,12,5,127.39883418986199,0.5,0.5,14.121288770565746,1.7735774491817173,0.0006966635701907976,217.39097363174255,1.4098389712291997,49.64943256701776,1.0,2.655031987782068,0.0
smooth,0.8373108326226072,0.0,9,Lasso,phits,8,12,5,161.46449796043606,0.0,0.0,15.897547471625442,1.8693342830768231,0.0,275.7892543812981,1.4098389712291997,55.921937003205684,1.0,2.655031987782068,0.0
smooth,0.8373108326226072,0.0,9,Ridge,phits,8,12,5,42.12845629261489,0.5,0.5,8.120436601176612,1.4766817569872457,0.0049904048564096805,71.21318295074754,1.4098389712291997,28.41670601567778,1.0,2.655031987782068,0.0
smooth,0.8373108326226072,0.0,9,OMP,phits,8,12,5,166.91762915274094,0.0,0.0,16.163771819203152,1.8693342830768231,0.0,285.13747928239223,1.4098389712291997,56.86181114208495,1.0,2.655031987782068,0.0
smooth,0.8938604401947922,0.01,0,EN,phits,8,12,5,0.06411714862445643,0.5,0.3333333333333333,0.33762912474479223,0.8656174169186661,0.9412812463988404,0.0009449629694835086,0.15255820854141852,0.033239927315202845,1.0,0.8733790944985417,0.0
smooth,0.8938604401947922,0.01,0,Lasso,phits,8,12,5,0.06367710193405239,0.5,0.5,0.33646852746099476,0.8645229340391203,0.9417001835524611,0.00019059721450513897,0.15255820854141852,0.01492832031500267,1.0,0.8733790944985417,0.0
smooth,0.8938604401947922,0.01,0,Ridge,phits,8,12,5,1621565.3082339738,0.5,0.14285714285714285,1697.9309507010921,0.8663931926321826,0.000520901051613665,2779826.133716664,0.15255820854141852,1802.8578580912817,1.0,0.8733790944985417,0.0
smooth,0.8938604401947922,0.01,0,OMP,phits,8,12,5,2401704.115643052,0.5,0.25,2066.3912483614827,0.8694553108042533,0.00042855587331979984,4117206.9464179403,0.15255820854141852,2194.087882183752,1.0,0.8733790944985417,0.0
smooth,0.6684107748436316,0.01,1,EN,phits,8,12,5,5.003248824889234,0.6666666666666666,0.8,2.1066067419020196,1.0891136110695478,0.2316453998130106,7.270521623156038,1.8290669073157073,3.407312801197483,1.0,3.0241254168070704,0.0
smooth,0.6684107748436316,0.01,1,Lasso,phits,8,12,5,4.944906771292522,0.5,0.75,2.094288330187821,1.1335142247388843,0.2298713160734015,7.170506674133103,1.8290669073157073,3.3837957597678914,1.0,3.0241254168070704,0.0
smooth,0.6684107748436316,0.01,1,Ridge,phits,8,12,5,19076.30328871804,0.6666666666666666,0.5714285714285714,130.07820281592822,79.24098927290102,0.06382466611863344,32700.927732868564,1.8290669073157073,228.51212903048975,1.0,3.0241254168070704,0.0
smooth,0.6684107748436316,0.01,1,OMP,phits,8,12,5,1.004323934834171,0.5,0.75,0.9438311902903196,1.1387294392055347,0.5213062688905606,0.4152218116330735,1.8290669073157073,0.8142716212713331,1.0,3.0241254168070704,0.0
smooth,0.6413806773551113,0.01,2,EN,phits,8,12,5,7550627.462903805,0.7142857142857143,0.8333333333333334,1362.0183037352112,3171.9127579220853,0.11711643235576136,12943930.772221554,2.8298589567427124,1616.0676428243883,1.0,3.7615548359306903,0.0
smooth,0.6413806773551113,0.01,2,Lasso,phits,8,12,5,6503287.61413006,0.42857142857142855,0.75,1264.0315181716733,2945.0160298858978,0.1081835236179469,11148491.031466562,2.8298589567427124,1499.8039341603458,1.0,3.7615548359306903,0.0
smooth,0.6413806773551113,0.01,2,Ridge,phits,8,12,5,9684771.404634273,0.7142857142857143,0.7142857142857143,1542.5388448671586,3592.777819991754,0.11230827351841374,16602463.2437595,2.8298589567427124,1830.2596602736908,1.0,3.7615548359306903,0.0
smooth,0.6413806773551113,0.01,2,OMP,phits,8,12,5,9711028.034383936,0.2857142857142857,0.5,1544.6284376602798,3598.531179825854,0.10803065990701013,16647474.609044636,2.8298589567427124,1832.7390129808766,1.0,3.7615548359306903,0.0
smooth,0.7309370523305803,0.01,3,EN,phits,8,12,5,0.559309949634285,0.5,0.6666666666666666,0.8021118236320256,0.3188885281231965,0.6924569723460093,0.7059644064079954,0.35399371015109043,0.755323029707063,1.0,1.3304016501626312,0.0
smooth,0.7309370523305803,0.01,3,Lasso,phits,8,12,5,0.8693967445035864,0.0,0.0,1.0000406424058652,0.5495930894446476,0.0,1.2375417690410835,0.35399371015109043,1.0000489470100467,1.0,1.3304016501626312,0.0
smooth,0.7309370523305803,0.01,3,Ridge,phits,8,12,5,0.26636993313059615,0.5,0.2857142857142857,0.5535428512719359,0.540238274131764,0.8592526648207387,0.20378152097310037,0.35399371015109043,0.40581091464289515,1.0,1.3304016501626312,0.0
smooth,0.7309370523305803,0.01,3,OMP,phits,8,12,5,0.14750237929310242,0.5,0.5,0.41191552288306854,0.492399631381405,0.911224525963927,8.571537396726607e-06,0.35399371015109043,0.002631907890057364,1.0,1.3304016501626312,0.0
smooth,0.6779388147657625,0.01,4,EN,phits,8,12,5,12752.075260133824,0.5,0.3333333333333333,68.45951961496343,259.41725257570755,0.26186303890762247,21859.10652751318,2.231485802724445,84.3747514094792,1.0,3.3402737932125004,0.0
smooth,0.6779388147657625,0.01,4,Lasso,phits,8,12,5,1.1042367890006077,0.25,1.0,0.6370514665014776,1.7611282559946961,0.7708213703303192,0.29905892205501,2.231485802724445,0.31208628593801097,1.0,3.3402737932125004,0.0
smooth,0.6779388147657625,0.01,4,Ridge,phits,8,12,5,2020886.8416612956,0.5,0.2857142857142857,861.8157204399199,129.30713968511645,0.01084297772211562,3464375.848929505,2.231485802724445,1062.2061319251059,1.0,3.3402737932125004,0.0
smooth,0.6779388147657625,0.01,4,OMP,phits,8,12,5,2025047.833356343,0.25,0.25,862.7025004387111,1.7658463443428623,0.0006905862834669791,3471508.9775495855,2.231485802724445,1063.299107561542,1.0,3.3402737932125004,0.0
smooth,0.7088813562015644,0.01,5,EN,phits,8,12,5,98840.8072135981,0.75,0.75,330.82407984641054,1.096293988507975,0.0009318834720076115,169440.61491359732,1.0764335991867153,466.2866211653716,1.0,2.319949998584792,0.0
smooth,0.7088813562015644,0.01,5,Lasso,phits,8,12,5,98911.23059261717,0.5,0.6666666666666666,330.9419137746605,1.095208816121712,0.0009243086952052413,169561.34070620144,1.0764335991867153,466.45270530763827,1.0,2.319949998584792,0.0
smooth,0.7088813562015644,0.01,5,Ridge,phits,8,12,5,354801.75288036914,0.75,0.42857142857142855,626.7896981579087,5.620050519576066,0.00333673271510511,608230.8074852049,1.0764335991867153,883.4427320169384,1.0,2.319949998584792,0.0
smooth,0.7088813562015644,0.01,5,OMP,phits,8,12,5,334713.7783160923,0.25,0.25,608.787555954522,0.5180089698907785,9.079372989207019e-05,573794.2796607303,1.0764335991867153,858.0691782734528,1.0,2.319949998584792,0.0
smooth,0.8834649310542493,0.01,6,EN,phits,8,12,5,3219.87296577881,0.6666666666666666,0.6666666666666666,39.49323508930041,0.38130558128047765,0.0026663626260836327,5518.541250044745,1.7373678065003972,49.00473805943098,1.0,2.947344403442188,0.0
smooth,0.8834649310542493,0.01,6,Lasso,phits,8,12,5,3258.378051164403,0.3333333333333333,0.3333333333333333,39.72867466501601,0.368138630049048,0.002538041310326601,5584.5499678486185,1.7373678065003972,49.29694611837803,1.0,2.947344403442188,0.0
smooth,0.8834649310542493,0.01,6,Ridge,phits,8,12,5,922.95451668064,0.6666666666666666,0.2857142857142857,21.144308727902512,1.0731865479711957,0.017118530418590523,1580.966765876454,1.7373678065003972,26.229335960313165,1.0,2.947344403442188,0.0
smooth,0.8834649310542493,0.01,6,OMP,phits,8,12,5,3409.0020729273588,0.3333333333333333,0.25,40.63656352304531,0.368138630049048,0.0024962370514425482,5842.762576585114,1.7373678065003972,50.42373886710416,1.0,2.947344403442188,0.0
smooth,0.6033744439762427,0.01,7,EN,phits,8,12,5,7966493.410596316,0.8,0.5714285714285714,2147.3742051248673,5.87879412750718,0.0010271896135111446,13656844.892869174,1.335414314454709,2608.0502178286815,1.0,2.5840030132090686,0.0
smooth,0.6033744439762427,0.01,7,Lasso,phits,8,12,5,6283667.958432473,0.8,0.8,1907.131964915767,1.515411451297647,0.0005469850436901581,10772001.260588301,1.335414314454709,2316.2688078012025,1.0,2.5840030132090686,0.0
smooth,0.6033744439762427,0.01,7,Ridge,phits,8,12,5,7961322.675328371,0.8,0.5714285714285714,2146.677204245085,2.874079487824667,0.0007575696992896454,13647980.77526698,1.335414314454709,2607.203689347996,1.0,2.5840030132090686,0.0
smooth,0.6033744439762427,0.01,7,OMP,phits,8,12,5,8749403.681948682,0.6,0.75,2250.4188586818545,1.606617226125949,0.0002674885206856221,14998976.786616087,1.335414314454709,2733.2010410316857,1.0,2.5840030132090686,0.0
smooth,0.895886285229061,0.01,8,EN,phits,8,12,5,2.231230800310741,0.5,0.3333333333333333,2.4126138987677446,0.7593252653318507,0.03936987432124471,3.233658498714806,0.8278320225450496,7.009058721982693,1.0,2.0344925934309144,0.0
smooth,0.895886285229061,0.01,8,Lasso,phits,8,12,5,0.34493508518860944,0.5,1.0,0.9486024953073522,0.6847140416366295,0.31649099092483124,8.701362580672495e-06,0.8278320225450496,0.011497575100395745,1.0,2.0344925934309144,0.0
smooth,0.895886285229061,0.01,8,Ridge,phits,8,12,5,31.837266126000447,0.5,0.14285714285714285,9.113463553013545,1.0138830136812187,0.005564952035160008,53.98686191418288,0.8278320225450496,28.63892183350549,1.0,2.0344925934309144,0.0
smooth,0.895886285229061,0.01,8,OMP,phits,8,12,5,126.40628839198966,0.0,0.0,18.159334017289673,1.3557010893861392,0.0,216.10518579873582,0.8278320225450496,57.29875905975952,1.0,2.0344925934309144,0.0
smooth,0.7747880260366611,0.01,9,EN,phits,8,12,5,101.8500472081372,0.3333333333333333,0.25,8.800408136423705,1.013437396698577,0.032067660513533866,172.98548586336616,2.260433090816662,16.442476619133767,1.0,3.3618693392342465,0.0
smooth,0.7747880260366611,0.01,9,Lasso,phits,8,12,5,101.84410660985515,0.3333333333333333,0.3333333333333333,8.800151482385537,1.0134538307255105,0.03206885129974116,172.97530198059692,2.260433090816662,16.44199261691232,1.0,3.3618693392342465,0.0
smooth,0.7747880260366611,0.01,9,Ridge,phits,8,12,5,208626.81653217084,0.3333333333333333,0.14285714285714285,398.29720805258665,1.0122633708855868,0.0007061405342539088,357644.3566029423,2.260433090816662,747.6323558333448,1.0,3.3618693392342465,0.0
smooth,0.7747880260366611,0.01,9,OMP,phits,8,12,5,647544.9817890963,0.3333333333333333,0.25,701.7091953079963,1.014893241638198,0.0004013147112328753,1110075.4970433859,2.260433090816662,1317.1603789040641,1.0,3.3618693392342465,0.0
smooth,0.7004064958172687,0.05,0,EN,phits,8,12,5,1771.0535598156278,0.5,0.3333333333333333,27.379137723018296,1.0030654041639058,0.02352005824414933,3035.2558700380273,1.1703255042691367,30.72969884666344,1.0,2.419013749722329,0.0
smooth,0.7004064958172687,0.05,0,Lasso,phits,8,12,5,1767.437884396785,0.5,0.4,27.35117565167972,1.0028847793118214,0.02354854906506275,3029.0575693200108,1.1703255042691367,30.69830622891588,1.0,2.419013749722329,0.0
smooth,0.7004064958172687,0.05,0,Ridge,phits,8,12,5,2670.9398647722405,0.5,0.2857142857142857,33.622962314340725,1.5910339220485366,0.010693191451827946,4577.918107106505,1.1703255042691367,37.73937121853403,1.0,2.419013749722329,0.0
smooth,0.7004064958172687,0.05,0,OMP,phits,8,12,5,5286.574950849762,0.25,0.25,47.303264750746564,1.2388017850575366,0.0016063180165466382,9061.863968953685,1.1703255042691367,53.09693099690272,1.0,2.419013749722329,0.0
smooth,0.6552534613215388,0.05,1,EN,phits,8,12,5,467690629.5813262,0.6666666666666666,1.0,14925.755832029055,29971.21445530482,0.20747623734642384,801755364.2567638,1.03571344132336,16745.814170373127,1.0,2.2756465469437033,0.0
smooth,0.6552534613215388,0.05,1,Lasso,phits,8,12,5,467660803.62300587,0.6666666666666666,1.0,14925.279895543556,29970.253785025903,0.20747605749269152,801704234.0425005,1.03571344132336,16745.280197819902,1.0,2.2756465469437033,0.0
smooth,0.6552534613215388,0.05,1,Ridge,phits,8,12,5,627361725.1536947,0.8333333333333334,0.7142857142857143,17286.85575019993,41313.11755727351,0.1411837592952397,1075477242.3808243,1.03571344132336,19394.82846126209,1.0,2.2756465469437033,0.0
smooth,0.6552534613215388,0.05,1,OMP,phits,8,12,5,581905519.2191108,0.6666666666666666,1.0,16648.811516964233,44773.77720962464,0.05802857550685935,997552317.9215376,1.03571344132336,18678.980614678643,1.0,2.2756465469437033,0.0
smooth,0.8299574723796607,0.05,2,EN,phits,8,12,5,0.5716664112813009,0.6666666666666666,0.6666666666666666,0.745928456091403,0.511152288629102,0.7230602465335286,0.848129770256165,0.18461770871649122,0.7214633050692302,1.0,0.9607749703143063,0.0
smooth,0.8299574723796607,0.05,2,Lasso,phits,8,12,5,1.0274272552347328,0.3333333333333333,0.5,1.0000031741876325,0.8582732943930337,0.004474656099381511,1.6294340741763338,0.18461770871649122,1.0000034310753603,1.0,0.9607749703143063,0.0
smooth,0.8299574723796607,0.05,2,Ridge,phits,8,12,5,0.22886595367619011,0.6666666666666666,0.2857142857142857,0.47197221563169045,0.5472350355029931,0.9050739201242133,0.2604718429331179,0.18461770871649122,0.3998190515266747,1.0,0.9607749703143063,0.0
smooth,0.8299574723796607,0.05,2,OMP,phits,8,12,5,0.07697729299266963,0.6666666666666666,0.5,0.2737203928276233,0.505032059009055,0.961811859610803,9.128176136850853e-05,0.18461770871649122,0.007484712084952302,1.0,0.9607749703143063,0.0
smooth,0.8385366398124366,0.05,3,EN,phits,8,12,5,55.43033651489454,0.5,0.2,14.417584408775445,1.1287966319062541,0.000709952595689349,94.60492093372363,0.5859183285338184,49.49173168378153,1.0,1.7116049902559562,0.0
smooth,0.8385366398124366,0.05,3,Lasso,phits,8,12,5,68.94598313707618,0.0,0.0,16.079525528089643,1.1916410408563345,3.3424064697069717e-19,117.7746008574636,0.5859183285338184,55.22066174335165,1.0,1.7116049902559562,0.0
smooth,0.8385366398124366,0.05,3,Ridge,phits,8,12,5,18.85130394600481,0.5,0.14285714285714285,8.407936885570047,0.9329224302457642,0.005032682154216534,31.898007958484083,0.5859183285338184,28.73806794554854,1.0,1.7116049902559562,0.0
smooth,0.8385366398124366,0.05,3,OMP,phits,8,12,5,73.0296545374996,0.0,0.0,16.54887090935098,1.1916410408563345,0.0,124.77518040104658,0.5859183285338184,56.83814419117228,1.0,1.7116049902559562,0.0
smooth,0.8366648216612153,0.05,4,EN,phits,8,12,5,0.7595611456002452,0.5,0.6666666666666666,0.9467939340090852,0.9629617457795474,0.6235856957021736,0.48834375487675835,1.1392654926131267,0.8743386310538288,1.0,2.3866980251103476,0.0
smooth,0.8366648216612153,0.05,4,Lasso,phits,8,12,5,0.8473672713362098,0.0,0.0,1.0000228863140344,1.0343419079497425,0.0,0.638868541852698,1.1392654926131267,1.0000520401131316,1.0,2.3866980251103476,0.0
smooth,0.8366648216612153,0.05,4,Ridge,phits,8,12,5,0.5572205353089832,0.5,0.2857142857142857,0.8109380024474804,1.2125009273701757,0.6127622197409993,0.14147413723459512,1.1392654926131267,0.4706037410809445,1.0,2.3866980251103476,0.0
smooth,0.8366648216612153,0.05,4,OMP,phits,8,12,5,0.47719791202640516,0.5,0.5,0.7504527678945517,0.8857270434029054,0.6613871246775939,0.004292497321604074,1.1392654926131267,0.08197319539869134,1.0,2.3866980251103476,0.0
smooth,0.8092126197419327,0.05,5,EN,phits,8,12,5,0.2307735941973538,0.6666666666666666,0.6666666666666666,0.32022818480101783,0.30870059352593204,0.9659480135760078,0.15803711999165573,0.33260465808533113,0.2089325767258253,1.0,1.2895826031808337,0.0
smooth,0.8092126197419327,0.05,5,Lasso,phits,8,12,5,0.6313784670805159,0.6666666666666666,1.0,0.529677322743135,1.3347663459672523,0.8691363027045425,0.844788330648505,0.33260465808533113,0.48305942505631744,1.0,1.2895826031808337,0.0
smooth,0.8092126197419327,0.05,5,Ridge,phits,8,12,5,0.5001380678066889,0.6666666666666666,0.2857142857142857,0.4714237438540893,1.034497626207953,0.915468365263145,0.6198047890362303,0.33260465808533113,0.41376530440668724,1.0,1.2895826031808337,0.0
smooth,0.8092126197419327,0.05,5,OMP,phits,8,12,5,0.13871916735517367,0.6666666666666666,0.5,0.24827599623662766,0.6645231455965043,0.9687056633237071,0.0002295311193468844,0.33260465808533113,0.007962462396240925,1.0,1.2895826031808337,0.0
smooth,0.6202182724510433,0.05,6,EN,phits,8,12,5,84.88435545867289,0.4,0.4,7.540517508917174,15.733735000359042,0.24002096709745116,143.28352911010958,3.1255123466615493,20.941726071176536,1.0,3.953171098410458,0.0
smooth,0.6202182724510433,0.05,6,Lasso,phits,8,12,5,1.3816991429045655,0.2,0.5,0.9620420811433329,1.0953128228591946,0.2729246900851324,0.13611828307814827,3.1255123466615493,0.6454648112684835,1.0,3.953171098410458,0.0
smooth,0.6202182724510433,0.05,6,Ridge,phits,8,12,5,2803230.788232626,0.4,0.2857142857142857,1370.303453490627,7.573107624078038,0.0007031342256401357,4805536.261604254,3.1255123466615493,3835.1757352371246,1.0,3.953171098410458,0.0
smooth,0.6202182724510433,0.05,6,OMP,phits,8,12,5,3421631.6168282903,0.2,0.25,1513.9235689249774,1.1041401301193614,4.930770515564439e-05,5865651.96776825,3.1255123466615493,4237.1367929533635,1.0,3.953171098410458,0.0
smooth,0.8404876072990658,0.05,7,EN,phits,8,12,5,6475388.108241056,0.5,0.25,2941.0636819299148,0.9721975872171968,0.00031452172549073043,11100665.208836336,0.16740766543826596,3088.4678284064344,1.0,0.9148979873140666,0.0
smooth,0.8404876072990658,0.05,7,Lasso,phits,8,12,5,6475383.205441028,0.5,0.25,2941.0625685256227,0.9722205257240943,0.00031452432256991517,11100656.804036288,0.16740766543826596,3088.4666591990504,1.0,0.9148979873140666,0.0
smooth,0.8404876072990658,0.05,7,Ridge,phits,8,12,5,32615323.34149022,0.5,0.14285714285714285,6600.584128232528,0.9834079145495298,0.00014068303177161917,55911982.751549184,0.16740766543826596,6931.401024053325,1.0,0.9148979873140666,0.0
smooth,0.8404876072990658,0.05,7,OMP,phits,8,12,5,40896224.56668664,0.5,0.25,7391.169041490949,0.9870889696699574,0.00012579332468882858,70107813.42331447,0.16740766543826596,7761.60953014818,1.0,0.9148979873140666,0.0
smooth,0.7727030897820494,0.05,8,EN,phits,8,12,5,0.19159103798484942,0.3333333333333333,1.0,0.6026900317421036,0.4861740033333336,0.8384541789589846,0.05989563747337566,0.3759645987009127,0.306960909094659,1.0,1.3710663709334292,0.0
smooth,0.7727030897820494,0.05,8,Lasso,phits,8,12,5,0.5274571373106245,0.0,0.0,1.0,0.6961136946511199,0.0,0.6356660934604187,0.3759645987009127,1.0,1.0,1.3710663709334292,0.0
smooth,0.7727030897820494,0.05,8,Ridge,phits,8,12,5,0.15668660570087387,0.3333333333333333,0.14285714285714285,0.5450324369784496,0.8002897161224642,0.8384498987562481,5.9467843703324244e-05,0.3759645987009127,0.00967222904372293,1.0,1.3710663709334292,0.0
smooth,0.7727030897820494,0.05,8,OMP,phits,8,12,5,0.15668999505153428,0.3333333333333333,0.25,0.5450383318539308,0.8015862787579919,0.838437089314475,6.52781591211729e-05,0.3759645987009127,0.010133732264292438,1.0,1.3710663709334292,0.0
smooth,0.7832644327877878,0.05,9,EN,phits,8,12,5,0.3620737474098544,0.3333333333333333,0.5,0.78790280154472,0.9376892539799613,0.6158501785011505,6.693157592687707e-05,0.8688832895773528,0.013285267414961922,1.0,2.0843263774866845,0.0
smooth,0.7832644327877878,0.05,9,Lasso,phits,8,12,5,0.3621313136534441,0.3333333333333333,1.0,0.7879654335392383,0.9245363964655688,0.6158539736977717,0.000165616564937789,0.8688832895773528,0.020898093194928614,1.0,2.0843263774866845,0.0
smooth,0.7832644327877878,0.05,9,Ridge,phits,8,12,5,2631720.03541042,0.3333333333333333,0.14285714285714285,2124.1929818635685,0.9401945936515126,0.00017653529073654258,4511519.440072657,0.8688832895773528,3449.182641464676,1.0,2.0843263774866845,0.0
smooth,0.7832644327877878,0.05,9,OMP,phits,8,12,5,8.042944269662437,0.3333333333333333,0.25,3.7134848458345435,0.9377053005432441,0.10175687548646462,13.167273541151781,0.8688832895773528,5.892542236766071,1.0,2.0843263774866845,0.0
