cond,trial,method,rec_n,rec_d,recovery_rate,rel_err,r2,mse,nmse,hpp_l1,hpp_l2
10,0,HPP_EN,4,4,0.999999999975,0.8472317093590718,0.10506087520964047,5.345725284596405,0.742926064794129,0.05,0.001
10,0,EN_Fixed,4,4,0.999999999975,0.8628499279976737,0.016555243001278863,5.8743945346264095,0.8163982588543421,,
10,0,Ridge,4,4,0.999999999975,0.8752962113276557,-0.007112206392118736,6.015766924255514,0.836045589666558,,
10,0,Lasso,4,4,0.999999999975,0.777393888740134,0.21401952823629278,4.694884338742591,0.6524749703274277,,
10,1,HPP_EN,4,4,0.999999999975,0.7444034329580433,0.33398975080080884,5.619695531199817,0.559674882139203,0.05,0.001
10,1,EN_Fixed,4,4,0.999999999975,0.9072521201218867,-0.003476336905022581,8.467184240708779,0.8432610478023252,,
10,1,Ridge,4,4,0.999999999975,0.9014121525822899,-0.013700519050657167,8.553454370610053,0.8518528344065226,,
10,1,Lasso,3,4,0.74999999998125,0.8391833957219066,0.21793044787660654,6.598986685925334,0.6572041270169856,,
10,2,HPP_EN,3,4,0.74999999998125,0.8905340249351051,0.1027891106413038,7.453781106891517,0.7514236462426702,0.05,0.001
10,2,EN_Fixed,4,4,0.999999999975,0.9696363588574707,-0.03891091214946929,8.63098589257898,0.8700989198722838,,
10,2,Ridge,4,4,0.999999999975,0.9832726451587872,-0.05111145021658414,8.732344604579872,0.8803170000463517,,
10,2,Lasso,3,4,0.74999999998125,0.8590884340050371,0.22462111059734968,6.441634386139748,0.649388052691811,,
10,3,HPP_EN,3,4,0.74999999998125,0.8732100364429115,0.12625806713752574,1.9708842744572048,0.72614260197685,0.05,0.001
10,3,EN_Fixed,3,4,0.74999999998125,0.9505475171315285,-0.04245502183773775,2.3514474149569335,0.8663553545166008,,
10,3,Ridge,3,4,0.74999999998125,0.9414801497702554,-0.04550847559997373,2.35833503677801,0.8688929949531335,,
10,3,Lasso,3,4,0.74999999998125,0.9441220418304435,0.025964022397336306,2.1971157830590236,0.809494191126099,,
10,4,HPP_EN,2,4,0.4999999999875,0.9168224915473344,0.21867792821667043,3.252166506992681,0.686867135742603,0.05,0.001
10,4,EN_Fixed,1,4,0.24999999999375,0.9788677790312458,0.018843820136109413,4.0839538284118815,0.8625430655517848,,
10,4,Ridge,2,4,0.4999999999875,0.9746612333388254,-0.004313489996581543,4.180343564636387,0.8829008614681857,,
10,4,Lasso,1,4,0.24999999999375,0.9514141005697081,0.20645578900200323,3.3030398065361313,0.6976117263003286,,
10,5,HPP_EN,4,4,0.999999999975,0.8009753522746423,0.09569714328856083,7.423556241820046,0.7401156894985453,0.05,0.001
10,5,EN_Fixed,3,4,0.74999999998125,0.9288547511092072,-0.025893558367208636,8.421712341322444,0.8396301224395525,,
10,5,Ridge,4,4,0.999999999975,0.9236435821388801,-0.0395768100122178,8.53404018304474,0.8508290135529304,,
10,5,Lasso,3,4,0.74999999998125,0.8405503164572131,0.18291418153726147,6.707578642192931,0.6687339638737904,,
10,6,HPP_EN,3,4,0.74999999998125,0.888447512494799,-0.009224020412698763,8.739520587903453,0.8188883726511332,0.05,0.001
10,6,EN_Fixed,3,4,0.74999999998125,0.9542879077132738,-0.13021765755105386,9.787282394388761,0.9170630896746667,,
10,6,Ridge,4,4,0.999999999975,0.9581550224745542,-0.14131150157032324,9.883351132591946,0.9260646787090517,,
10,6,Lasso,3,4,0.74999999998125,0.9177474373061564,-0.03407289982808215,8.954703033866508,0.8390508519571118,,
10,7,HPP_EN,4,4,0.999999999975,0.749040661567005,0.20329021374694878,3.5565313792872715,0.6603556304507658,0.05,0.001
10,7,EN_Fixed,4,4,0.999999999975,0.8709143832051937,0.023756687228974505,4.357973299184152,0.8091626077673095,,
10,7,Ridge,4,4,0.999999999975,0.8735955065562087,0.004746278791304626,4.442836213269365,0.8249194498013759,,
10,7,Lasso,4,4,0.999999999975,0.8045133955452823,0.22670178276301078,3.4520215800094602,0.6409508714228244,,
10,8,HPP_EN,4,4,0.999999999975,0.8307862535734171,0.15064274492155538,7.807496117510067,0.6899608423384885,0.05,0.001
10,8,EN_Fixed,4,4,0.999999999975,0.9323088443061481,-0.08734349278869469,9.995122838579281,0.8832848930294627,,
10,8,Ridge,4,4,0.999999999975,0.9323648072343249,-0.09220832323582395,10.039841529802796,0.8872367548556446,,
10,8,Lasso,3,4,0.74999999998125,0.8797677926913721,0.08883007672947663,8.375693026451547,0.7401733063611302,,
10,9,HPP_EN,4,4,0.999999999975,0.802334531069518,0.21145678354276753,2.1235374820960624,0.6540512833566714,0.05,0.001
10,9,EN_Fixed,4,4,0.999999999975,0.9173700508480301,-0.0033294876201515056,2.701954349979733,0.8322041523048763,,
10,9,Ridge,4,4,0.999999999975,0.9115630520542323,-0.015181919235653485,2.733872807033461,0.8420350632140396,,
10,9,Lasso,2,4,0.4999999999875,0.8799304012619905,0.13673619404303994,2.3247591389126248,0.7160277184277029,,
10,10,HPP_EN,4,4,0.999999999975,0.8051634916927997,0.1817231143690643,7.814490369800398,0.6576209054639951,0.05,0.001
10,10,EN_Fixed,3,4,0.74999999998125,0.9380124299388788,-0.0888915639884531,10.398842726669052,0.8751045872572308,,
10,10,Ridge,4,4,0.999999999975,0.9359416353657931,-0.0893344420016271,10.403072182528941,0.8754605130387699,,
10,10,Lasso,3,4,0.74999999998125,0.9142381917745176,-0.009488828417486106,9.640551831067501,0.8112913477787193,,
10,11,HPP_EN,3,4,0.74999999998125,0.9030795873578277,0.0846567035447282,3.8784838720893253,0.7581503943830135,0.05,0.001
10,11,EN_Fixed,3,4,0.74999999998125,0.9729067845801355,-0.11274736881376812,4.71492252182012,0.9216540502146373,,
10,11,Ridge,3,4,0.74999999998125,0.9669203983617012,-0.11161990688298151,4.7101452508968675,0.9207202085502172,,
10,11,Lasso,2,4,0.4999999999875,0.9339471210090926,0.034534476846820206,4.0908612922702146,0.7996650764542451,,
10,12,HPP_EN,3,4,0.74999999998125,0.8075990091828602,0.1963072760544461,5.358687442976817,0.6876410637180185,0.05,0.001
10,12,EN_Fixed,3,4,0.74999999998125,0.960144508937431,-0.04487987322902409,6.966822629180472,0.8940012595329023,,
10,12,Ridge,3,4,0.74999999998125,0.9531131407849254,-0.04858684416192349,6.991539163245989,0.8971729511004913,,
10,12,Lasso,2,4,0.4999999999875,0.9124527894006351,0.14069979297795232,5.729454917185953,0.7352189348049692,,
10,13,HPP_EN,4,4,0.999999999975,0.7073326497640983,0.38209117883835153,3.7029023331456985,0.5078468161837236,0.05,0.001
10,13,EN_Fixed,3,4,0.74999999998125,0.9074845558369965,0.05364665680181113,5.671150633391059,0.7777887543739961,,
10,13,Ridge,4,4,0.999999999975,0.8966686080288392,0.042127039283793244,5.74018350219559,0.7872564960210267,,
10,13,Lasso,2,4,0.4999999999875,0.8626031935906268,0.2208301108555497,4.669281132782336,0.6403840403578198,,
10,14,HPP_EN,4,4,0.999999999975,0.6771964902320404,0.3523126981972219,4.69283090879968,0.5465098821007044,0.05,0.001
10,14,EN_Fixed,4,4,0.999999999975,0.8291884786154173,0.13055973767323947,6.299546285754314,0.7336220641276209,,
10,14,Ridge,4,4,0.999999999975,0.811457783146049,0.10260629593843373,6.502083490073895,0.7572088043713711,,
10,14,Lasso,3,4,0.74999999998125,0.8055056129816818,0.33168401259016267,4.8422964505128885,0.5639160910963523,,
30,0,HPP_EN,3,4,0.74999999998125,0.9553217203496338,-0.06955654401402178,7.547663328282576,0.9190960092967193,0.005,0.001
30,0,EN_Fixed,3,4,0.74999999998125,0.9402709772305979,-0.12091938008149739,7.910121392227621,0.9632333463267096,,
30,0,Ridge,4,4,0.999999999975,0.9351595932742313,-0.12423335499374377,7.93350750215888,0.966081125748753,,
30,0,Lasso,2,4,0.4999999999875,0.9709445702458536,-0.04628279266786617,7.383424756203266,0.8990963074545555,,
30,1,HPP_EN,3,4,0.74999999998125,0.9453110350895887,0.008511062987522022,4.373536951550263,0.8480234124827499,0.005,0.001
30,1,EN_Fixed,3,4,0.74999999998125,0.9787855063762488,-0.09782049284108307,4.842573943464155,0.9389691058356944,,
30,1,Ridge,3,4,0.74999999998125,0.978780632995213,-0.10405165875112221,4.870060114354686,0.9442986404190048,,
30,1,Lasso,3,4,0.74999999998125,0.9601275022717944,-0.03391574752889426,4.5606850039421305,0.8843111886664166,,
30,2,HPP_EN,4,4,0.999999999975,0.8607149404446424,-0.015393215739160526,7.0185140019828065,0.8747848404164812,0.005,0.001
30,2,EN_Fixed,3,4,0.74999999998125,0.9810805699235549,-0.12019431880998277,7.742911208822882,0.96507342498078,,
30,2,Ridge,4,4,0.999999999975,0.9553245187561337,-0.11838010482744243,7.730371154347746,0.9635104374951461,,
30,2,Lasso,3,4,0.74999999998125,0.9696966018426744,-0.07723807523536164,7.445992741841012,0.9280656233746192,,
30,3,HPP_EN,2,4,0.4999999999875,0.9819473357549167,-0.110946517873727,5.3942870673488645,0.9442991316032074,0.005,0.001
30,3,EN_Fixed,3,4,0.74999999998125,0.9925423893982207,-0.14813340388746754,5.574850879442019,0.9759078036723285,,
30,3,Ridge,4,4,0.999999999975,0.99106205881338,-0.15346623499861356,5.6007448549236365,0.980440684154172,,
30,3,Lasso,1,4,0.24999999999375,0.9854325283799972,-0.08455549141275687,5.266143389465125,0.9218668875948204,,
30,4,HPP_EN,3,4,0.74999999998125,0.9511636985566302,-0.07898134987131633,7.581817953354475,0.8946802826896951,0.005,0.001
30,4,EN_Fixed,3,4,0.74999999998125,0.9737904580531733,-0.14623551351950437,8.054401492862812,0.9504467462638765,,
30,4,Ridge,3,4,0.74999999998125,0.9757204382920808,-0.14940942991257766,8.076704062128092,0.9530785252247704,,
30,4,Lasso,3,4,0.74999999998125,0.9492060970379365,-0.08882908134727363,7.651016283161686,0.9028459207536081,,
30,5,HPP_EN,2,4,0.4999999999875,0.9605443192234598,-0.05138529075576859,6.551117869081308,0.8685994599104221,0.005,0.001
30,5,EN_Fixed,4,4,0.999999999975,0.982177099870297,-0.13882098633511442,7.0959243760219355,0.9408342520697446,,
30,5,Ridge,4,4,0.999999999975,0.9842363734129815,-0.1474589286168353,7.149746869575367,0.947970467562399,,
30,5,Lasso,3,4,0.74999999998125,0.9546890504854953,-0.04974877144255396,6.5409208166684945,0.8672474533681112,,
30,6,HPP_EN,3,4,0.74999999998125,0.9970418976514848,-0.10007890640296546,6.932805696559027,0.9190146530470283,0.005,0.001
30,6,EN_Fixed,3,4,0.74999999998125,0.9675748279808551,-0.10088076327221329,6.937859077583414,0.9196845306423499,,
30,6,Ridge,3,4,0.74999999998125,0.9780610220427511,-0.11288574732777246,7.013515670363309,0.9297135896420626,,
30,6,Lasso,3,4,0.74999999998125,0.9409660168588647,-0.02009998544316738,6.428770653611276,0.8521996274437464,,
30,7,HPP_EN,3,4,0.74999999998125,0.9388741731519943,-0.024067658503005296,4.29113746802544,0.8677921584756085,0.005,0.001
30,7,EN_Fixed,3,4,0.74999999998125,1.0147461839985845,-0.13933498974748182,4.774140675709516,0.965469382584599,,
30,7,Ridge,4,4,0.999999999975,1.0097470034427893,-0.14007514217601158,4.7772421268604655,0.9660965857466379,,
30,7,Lasso,3,4,0.74999999998125,0.9940774796103451,-0.08482688492269985,4.545736068862932,0.9192793622792429,,
30,8,HPP_EN,4,4,0.999999999975,0.9135977854434141,-0.005327901005680147,3.844353644078727,0.8456651779993127,0.005,0.001
30,8,EN_Fixed,2,4,0.4999999999875,0.9914543847809447,-0.16426072307222395,4.452109554428003,0.9793568353465184,,
30,8,Ridge,4,4,0.999999999975,0.9717871499143473,-0.1524045630959472,4.406771837486113,0.9693836299607965,,
30,8,Lasso,1,4,0.24999999999375,0.9989138436335472,-0.1839908740914653,4.52755725451985,0.9959535115722046,,
30,9,HPP_EN,3,4,0.74999999998125,0.9196445000034229,0.00580106143003889,7.4526633759673135,0.8184803432075527,0.005,0.001
30,9,EN_Fixed,3,4,0.74999999998125,0.976443420140192,-0.1505188276858882,8.62446055594143,0.9471716458534841,,
30,9,Ridge,3,4,0.74999999998125,0.9738080789481581,-0.1476382617431271,8.602867404439426,0.9448002023626528,,
30,9,Lasso,2,4,0.4999999999875,0.9660643897872591,-0.12803259703878989,8.455900420634677,0.9286597192526028,,
30,10,HPP_EN,4,4,0.999999999975,0.9402119749114202,-0.08909398734501717,11.229229582669559,0.8880049227215597,0.005,0.001
30,10,EN_Fixed,2,4,0.4999999999875,0.993960908810662,-0.20882661458698415,12.4637466908889,0.9856302550038962,,
30,10,Ridge,4,4,0.999999999975,0.9891033177215105,-0.20112238329885335,12.384311322685916,0.9793485241439881,,
30,10,Lasso,2,4,0.4999999999875,0.9884666859192606,-0.19332651950496094,12.303931166928885,0.9729920796990789,,
30,11,HPP_EN,4,4,0.999999999975,0.9452044486817568,-0.10069953148520638,6.566976883278445,0.9025411416901151,0.005,0.001
30,11,EN_Fixed,3,4,0.74999999998125,0.9789662565773283,-0.1823457604969152,7.054093378915799,0.9694886406569672,,
30,11,Ridge,4,4,0.999999999975,0.975748853514745,-0.17248297957355274,6.995250204665359,0.9614014512831333,,
30,11,Lasso,2,4,0.4999999999875,0.971462248313124,-0.20305202149518942,7.177630759849647,0.9864671637751693,,
30,12,HPP_EN,3,4,0.74999999998125,0.9194316596189153,0.09217257249040234,4.735761912957367,0.763057530256467,0.005,0.001
30,12,EN_Fixed,1,4,0.24999999999375,0.989581636903941,-0.11509764891679608,5.817005319452786,0.9372746759936902,,
30,12,Ridge,3,4,0.74999999998125,0.9929909682159621,-0.12036880259584715,5.844502757924186,0.9417052465912021,,
30,12,Lasso,1,4,0.24999999999375,0.9766061218264674,-0.05137360485407205,5.484583218437694,0.883712610994346,,
30,13,HPP_EN,4,4,0.999999999975,0.9829118200191249,-0.12594923729629381,6.9166658253977245,0.945854007243136,0.005,0.001
30,13,EN_Fixed,3,4,0.74999999998125,1.0000238099335947,-0.17821944670828205,7.237759849134022,0.9897636129288112,,
30,13,Ridge,4,4,0.999999999975,0.9965483520469904,-0.1747317991387387,7.21633535506605,0.9868338135024838,,
30,13,Lasso,2,4,0.4999999999875,1.0084452848420586,-0.1868582368293894,7.290827627346587,0.9970206312588761,,
30,14,HPP_EN,4,4,0.999999999975,0.9424474058484857,-0.1391667567148569,6.64381233708325,0.9402373502278359,0.005,0.001
30,14,EN_Fixed,2,4,0.4999999999875,0.9883245799431859,-0.1851090649846432,6.911755614639136,0.9781568856569642,,
30,14,Ridge,4,4,0.999999999975,0.9803220097577532,-0.1774694033259585,6.867199821486006,0.9718513160884549,,
30,14,Lasso,1,4,0.24999999999375,0.9873260068851214,-0.18299757636641378,6.899441057486979,0.9764141202086769,,
100,0,HPP_EN,4,4,0.999999999975,0.9832274759143934,-0.19828875789396072,3.9418785057412244,0.9784922107721532,0.05,0.001
100,0,EN_Fixed,2,4,0.4999999999875,0.988754370158561,-0.2097114662454722,3.979454530911744,0.9878197047290523,,
100,0,Ridge,4,4,0.999999999975,0.9885336417226652,-0.20746173729270678,3.972053845439041,0.9859826331199534,,
100,0,Lasso,2,4,0.4999999999875,0.9817241946949014,-0.19889687146202606,3.94387894994736,0.9789887808899124,,
100,1,HPP_EN,4,4,0.999999999975,0.9695901014324875,-0.16635049336976637,9.175777675935288,0.9501016309726898,0.05,0.001
100,1,EN_Fixed,4,4,0.999999999975,0.9853086635028871,-0.19499725116948086,9.401144134989215,0.9734370961371562,,
100,1,Ridge,4,4,0.999999999975,0.985103465054336,-0.196025004797026,9.409229559435467,0.974274297650183,,
100,1,Lasso,4,4,0.999999999975,0.9777216891392176,-0.1797015342967656,9.280811440643973,0.9609773032787706,,
100,2,HPP_EN,2,4,0.4999999999875,0.9891586552676077,-0.08580728350220501,6.695562386676842,0.9546238684753546,0.05,0.001
100,2,EN_Fixed,3,4,0.74999999998125,1.008615571917467,-0.1222114558885139,6.920046428229483,0.9866298168605694,,
100,2,Ridge,4,4,0.999999999975,1.0148442105548692,-0.12331567198214288,6.926855507387084,0.9876006254515128,,
100,2,Lasso,3,4,0.74999999998125,1.0037870217085503,-0.11302944595643583,6.863426140937785,0.9785571450569072,,
100,3,HPP_EN,3,4,0.74999999998125,0.9852201095916466,-0.15164110692253185,10.227195188090285,0.9702528388791994,0.05,0.001
100,3,EN_Fixed,2,4,0.4999999999875,0.9952224040314078,-0.170979668970467,10.398932066473986,0.9865454969078719,,
100,3,Ridge,4,4,0.999999999975,0.9894927667009311,-0.17000836899530758,10.390306397962824,0.9857271807218336,,
100,3,Lasso,2,4,0.4999999999875,0.9954968689138528,-0.1699660720390881,10.389930778141233,0.9856915457122797,,
100,4,HPP_EN,4,4,0.999999999975,0.9563631392926036,-0.11307604062478349,8.109130856991719,0.936602070926938,0.05,0.001
100,4,EN_Fixed,4,4,0.999999999975,0.9724687899457887,-0.14652701597407192,8.352832389053376,0.9647495214542922,,
100,4,Ridge,4,4,0.999999999975,0.9730488011100114,-0.1497282254533301,8.376154269698095,0.9674431913549228,,
100,4,Lasso,4,4,0.999999999975,0.9640313899647964,-0.1148292676820426,8.12190370189219,0.9380773305073277,,
100,5,HPP_EN,3,4,0.74999999998125,0.9943774960966023,-0.12487358544284577,5.9716688149925234,0.9675113986455374,0.05,0.001
100,5,EN_Fixed,4,4,0.999999999975,1.0011285889159987,-0.14650930948645136,6.086527391309896,0.9861204316080252,,
100,5,Ridge,4,4,0.999999999975,1.0035206878091316,-0.14734252106827372,6.090950700456675,0.9868370825395868,,
100,5,Lasso,3,4,0.74999999998125,0.9872303884884559,-0.12013696210696279,5.946523281992811,0.9634373967951402,,
100,6,HPP_EN,4,4,0.999999999975,0.9695201172774974,-0.1343574816951747,7.982115734924362,0.9605812440445066,0.05,0.001
100,6,EN_Fixed,3,4,0.74999999998125,0.9934292478710467,-0.16465574465756183,8.195315052983723,0.9862380088637457,,
100,6,Ridge,4,4,0.999999999975,0.9903088699864591,-0.16463321035630973,8.195156486214866,0.986218926671862,,
100,6,Lasso,2,4,0.4999999999875,0.9880722412685589,-0.1524947978811375,8.109742307017774,0.975940040567367,,
100,7,HPP_EN,2,4,0.4999999999875,0.9889821911455694,-0.18597128092649307,10.106934970128174,0.967510008007766,0.05,0.001
100,7,EN_Fixed,3,4,0.74999999998125,0.9942404231118742,-0.20831507566451846,10.297350441425838,0.98573797471622,,
100,7,Ridge,4,4,0.999999999975,0.9951745079521647,-0.2092904121390582,10.305662330997453,0.9865336498016699,,
100,7,Lasso,2,4,0.4999999999875,0.9891422069269667,-0.18582056574953487,10.105650564243287,0.9673870552479389,,
100,8,HPP_EN,2,4,0.4999999999875,0.991176920341927,-0.11647292798800235,8.294821575700833,0.9556726829031871,0.05,0.001
100,8,EN_Fixed,3,4,0.74999999998125,0.9967682736602734,-0.14649358402301393,8.5178596621188,0.9813696077244592,,
100,8,Ridge,4,4,0.999999999975,1.0009466658430923,-0.1498297796912349,8.542645885873808,0.9842253071194141,,
100,8,Lasso,2,4,0.4999999999875,0.9894951944321595,-0.12178295169361708,8.334272330033222,0.9602179293429458,,
100,9,HPP_EN,1,4,0.24999999999375,0.9824196541101015,-0.09631589120320827,6.349511786668598,0.945471469941139,0.05,0.001
100,9,EN_Fixed,2,4,0.4999999999875,0.9870553244674233,-0.12276108016921472,6.502673881998669,0.9682780094478503,,
100,9,Ridge,4,4,0.999999999975,0.9856397521582954,-0.1270482139502842,6.527503592752976,0.9719752674282791,,
100,9,Lasso,2,4,0.4999999999875,0.9819636262398448,-0.06315950461178899,6.157480576362504,0.9168771406788668,,
100,10,HPP_EN,4,4,0.999999999975,0.9497183245995191,-0.06097907227606636,5.973999275495995,0.9296870603361621,0.05,0.001
100,10,EN_Fixed,3,4,0.74999999998125,0.9755763920232342,-0.11559595362477415,6.281527687820921,0.9775453161610207,,
100,10,Ridge,4,4,0.999999999975,0.9716444440648513,-0.11703176993147224,6.2896122634738205,0.9788034558135713,,
100,10,Lasso,3,4,0.74999999998125,0.966704395709379,-0.07595252646653905,6.058309519517737,0.9428076081143153,,
100,11,HPP_EN,4,4,0.999999999975,0.970443961514491,-0.1822037781426653,1.2349578994532124,0.9506008015856072,0.05,0.001
100,11,EN_Fixed,4,4,0.999999999975,0.9888568579064604,-0.21883980600804498,1.273228756689027,0.9800595447393952,,
100,11,Ridge,4,4,0.999999999975,0.9871622291247155,-0.21583233632763954,1.2700870830555542,0.9776412619172666,,
100,11,Lasso,3,4,0.74999999998125,0.9883570963420107,-0.2196021217031403,1.2740250896114396,0.9806725168210422,,
100,12,HPP_EN,3,4,0.74999999998125,0.9736310267867501,-0.12724729124993028,7.359515521312948,0.9470403948476891,0.05,0.001
100,12,EN_Fixed,4,4,0.999999999975,0.989295721571376,-0.17349226647302496,7.661437393806176,0.9858924372832392,,
100,12,Ridge,4,4,0.999999999975,0.9868766169812849,-0.17194924399876443,7.651363386144146,0.9845960894236119,,
100,12,Lasso,2,4,0.4999999999875,0.9866686593440231,-0.16296720990056524,7.592721932869628,0.9770499642876962,,
100,13,HPP_EN,3,4,0.74999999998125,0.9805819553782299,-0.18852796313607922,8.22482637159602,0.9581978511338809,0.05,0.001
100,13,EN_Fixed,3,4,0.74999999998125,0.9858426352939682,-0.19895219066384806,8.296963893079049,0.9666019213170366,,
100,13,Ridge,3,4,0.74999999998125,0.9865874142384374,-0.20141886364621353,8.314033711900922,0.968590566788125,,
100,13,Lasso,2,4,0.4999999999875,0.982229122192847,-0.20154153417259502,8.314882613913912,0.9686894644484426,,
100,14,HPP_EN,2,4,0.4999999999875,0.9848085766373795,-0.19048928681514798,13.313231085279787,0.9714922076956151,0.05,0.001
100,14,EN_Fixed,3,4,0.74999999998125,0.9933315217611332,-0.2123979287197293,13.558235232457488,0.9893706339252492,,
100,14,Ridge,4,4,0.999999999975,0.9930728811845035,-0.21171364889540434,13.550582937280094,0.9888122311537353,,
100,14,Lasso,2,4,0.4999999999875,0.9862067848093296,-0.19790607057025822,13.396172911917713,0.977544633117711,,
300,0,HPP_EN,4,4,0.999999999975,1.0001429711918992,-0.1851098480080473,3.163743551815023,0.9917527818580956,0.005,0.001
300,0,EN_Fixed,4,4,0.999999999975,1.0000353188026372,-0.18959651199037397,3.1757210526915083,0.9955074224032013,,
300,0,Ridge,4,4,0.999999999975,0.9999382660235845,-0.18888647930727953,3.1738255648373705,0.9949132353834472,,
300,0,Lasso,0,4,0.0,1.0000317831050447,-0.19485221931118502,3.1897515749881467,0.9999056327166228,,
300,1,HPP_EN,2,4,0.4999999999875,0.9762875552791367,-0.15450384070730894,4.777837165573923,0.9885258341353631,0.005,0.001
300,1,EN_Fixed,2,4,0.4999999999875,0.9980418900019274,-0.1606426026587584,4.803242022593955,0.993782052923598,,
300,1,Ridge,3,4,0.74999999998125,0.9960134186214898,-0.16170581771009496,4.807642067191607,0.9946924141614122,,
300,1,Lasso,1,4,0.24999999999375,0.9934036001877262,-0.14686255663084147,4.7462142209236164,0.9819831043070002,,
300,2,HPP_EN,3,4,0.74999999998125,0.9981110929292488,-0.18127419319357396,3.855935721918643,0.9942274280678379,0.005,0.001
300,2,EN_Fixed,2,4,0.4999999999875,0.99876699728911,-0.18275854629693766,3.860780973078941,0.9954767439140702,,
300,2,Ridge,3,4,0.74999999998125,0.9984807774331083,-0.18280954720889597,3.8609474511408535,0.995519669177161,,
300,2,Lasso,1,4,0.24999999999375,0.9980201773961646,-0.17916567915236703,3.849053073792998,0.9924527829394562,,
300,3,HPP_EN,2,4,0.4999999999875,0.9960663959566223,-0.1424287894367473,5.705872075908588,0.9836018209088967,0.005,0.001
300,3,EN_Fixed,4,4,0.999999999975,1.0016687127046167,-0.15278378506555979,5.757590205695677,0.9925172059641221,,
300,3,Ridge,4,4,0.999999999975,1.0022647213525337,-0.15433506311041056,5.765338079488711,0.9938528164842346,,
300,3,Lasso,1,4,0.24999999999375,0.9959271524417137,-0.13956067817502005,5.69154726537317,0.9811324508390168,,
300,4,HPP_EN,3,4,0.74999999998125,0.9955545474547278,-0.23714917157208681,13.268223203125547,0.9920728854206103,0.005,0.001
300,4,EN_Fixed,2,4,0.4999999999875,0.9980478281078073,-0.24238301355382008,13.324355305235176,0.9962699158482795,,
300,4,Ridge,4,4,0.999999999975,0.9977677298633052,-0.24190729762783314,13.319253329473227,0.9958884381072124,,
300,4,Lasso,2,4,0.4999999999875,0.9968508618212188,-0.23941735568964084,13.292549108060076,0.9938917477000133,,
300,5,HPP_EN,3,4,0.74999999998125,0.9921531305065848,-0.1633855076455737,5.205090498798584,0.9883952305878527,0.005,0.001
300,5,EN_Fixed,3,4,0.74999999998125,0.994961463643021,-0.16926244719141015,5.231384450365811,0.9933881920605406,,
300,5,Ridge,3,4,0.74999999998125,0.9955690000268427,-0.17011980777982427,5.235220358088119,0.9941165930169851,,
300,5,Lasso,3,4,0.74999999998125,0.9941066650833791,-0.1573440749073325,5.17806059002089,0.9832625181162322,,
300,6,HPP_EN,2,4,0.4999999999875,0.9966335294515941,-0.2140551161374178,9.286633651494615,0.989838858524647,0.005,0.001
300,6,EN_Fixed,2,4,0.4999999999875,0.9984729757966003,-0.22167271694203805,9.34490272596704,0.9960496122086572,,
300,6,Ridge,2,4,0.4999999999875,0.9986318389901596,-0.2220071712675149,9.347461056929594,0.9963222982534324,,
300,6,Lasso,1,4,0.24999999999375,0.9994719173517126,-0.22436095322706984,9.36546576731163,0.9982413749222696,,
300,7,HPP_EN,3,4,0.74999999998125,0.9921101202414964,-0.21977728450926892,5.605814813629573,0.9808845144931224,0.005,0.001
300,7,EN_Fixed,2,4,0.4999999999875,0.997807714667583,-0.2370246424872262,5.685079689338177,0.9947539860526816,,
300,7,Ridge,4,4,0.999999999975,0.997680520727874,-0.2371250346061351,5.685541068341129,0.9948347164254024,,
300,7,Lasso,2,4,0.4999999999875,0.9952212857980449,-0.22881667002654904,5.6473577427219634,0.9881535408859204,,
300,8,HPP_EN,2,4,0.4999999999875,0.9943115558239081,-0.17298643573877115,9.378848005094017,0.9813929427434142,0.005,0.001
300,8,EN_Fixed,2,4,0.4999999999875,0.997730479469517,-0.18631593317523687,9.485426671847453,0.9925452240621874,,
300,8,Ridge,2,4,0.4999999999875,0.9978816674839615,-0.1866247129559846,9.48789558243537,0.9928035683093627,,
300,8,Lasso,2,4,0.4999999999875,0.995067162299904,-0.17600225693145988,9.402961607532184,0.9839161651310768,,
300,9,HPP_EN,1,4,0.24999999999375,0.9969760401464902,-0.1807668585683717,9.240624867586781,0.9874696629048134,0.005,0.001
300,9,EN_Fixed,2,4,0.4999999999875,0.9984571662560784,-0.1912983252393543,9.32304362121782,0.9962770779910544,,
300,9,Ridge,2,4,0.4999999999875,0.9988801372447782,-0.19137295514026675,9.323627671247031,0.9963394906193916,,
300,9,Lasso,1,4,0.24999999999375,0.9978508876290137,-0.18504404315012946,9.274097909214467,0.991046651864557,,
300,10,HPP_EN,2,4,0.4999999999875,0.9955042357409634,-0.19861943989186348,9.532959263492014,0.990397909154609,0.005,0.001
300,10,EN_Fixed,2,4,0.4999999999875,0.9986515151674197,-0.2086012109641926,9.612347110746185,0.9986456689277914,,
300,10,Ridge,3,4,0.74999999998125,0.9985996483977555,-0.20793180972652436,9.607023173458636,0.9980925545996675,,
300,10,Lasso,1,4,0.24999999999375,0.9971110575577212,-0.2074042659062405,9.60282746831562,0.9976566545306318,,
300,11,HPP_EN,3,4,0.74999999998125,0.991212892766321,-0.2125056974917232,13.182860743504012,0.98225828306337,0.005,0.001
300,11,EN_Fixed,3,4,0.74999999998125,0.9981521755564009,-0.23010247779520498,13.374180177923757,0.9965135424358393,,
300,11,Ridge,4,4,0.999999999975,0.9978216039085042,-0.2292901628160453,13.365348355300345,0.9958554811018707,,
300,11,Lasso,2,4,0.4999999999875,0.9977059180056524,-0.2280238507887884,13.351580490004796,0.9948296339819035,,
300,12,HPP_EN,3,4,0.74999999998125,1.000869879235277,-0.11221954830183489,4.833339028215571,0.9971229441572556,0.005,0.001
300,12,EN_Fixed,3,4,0.74999999998125,1.00040923851111,-0.11333119250946422,4.838169867003135,0.9981195512991269,,
300,12,Ridge,4,4,0.999999999975,1.0009098491857316,-0.11300337895712786,4.836745297511523,0.9978256611090657,,
300,12,Lasso,1,4,0.24999999999375,0.9991072735318038,-0.1084264501855583,4.816855475852871,0.9937223699028704,,
300,13,HPP_EN,1,4,0.24999999999375,0.997494493500283,-0.13141224266223817,2.943229825816746,0.984914707064928,0.005,0.001
300,13,EN_Fixed,2,4,0.4999999999875,0.9988191124331818,-0.14307000292739214,2.97355605565662,0.9950629970547642,,
300,13,Ridge,2,4,0.4999999999875,0.9987021431027113,-0.14347648390306755,2.9746134659321357,0.9954168460551451,,
300,13,Lasso,1,4,0.24999999999375,0.9982061635540602,-0.13548769369613778,2.9538316105458957,0.9884624604918892,,
300,14,HPP_EN,2,4,0.4999999999875,0.9922097480300973,-0.1215413814634001,1.1579450649062037,0.9708540150175478,0.005,0.001
300,14,EN_Fixed,2,4,0.4999999999875,0.9955218776860834,-0.14106568840917943,1.1781031038758223,0.9877550871509824,,
300,14,Ridge,3,4,0.74999999998125,0.9959742305324164,-0.14228556372545142,1.1793625746591787,0.9888110632105356,,
300,14,Lasso,1,4,0.24999999999375,0.9967635499154585,-0.13462257009063583,1.1714508508400678,0.9821776493567308,,
500,0,HPP_EN,2,4,0.4999999999875,0.9979869499277433,-0.1763306924197381,7.021418312292925,0.9941447800128203,0.005,0.001
500,0,EN_Fixed,3,4,0.74999999998125,0.9991597641777593,-0.1816903563609833,7.053409692597202,0.9986743582718483,,
500,0,Ridge,3,4,0.74999999998125,0.9989522854040889,-0.18120036310356902,7.050484964327611,0.9982602534268086,,
500,0,Lasso,1,4,0.24999999999375,0.9994446113007716,-0.1831446367362084,7.062090169034325,0.999903404876703,,
500,1,HPP_EN,3,4,0.74999999998125,0.9988372946121036,-0.23715159358608529,6.132639916028776,0.9972648343613577,0.005,0.001
500,1,EN_Fixed,2,4,0.4999999999875,0.9994394757338982,-0.23895269300697786,6.141568081549126,0.9987166961420456,,
500,1,Ridge,2,4,0.4999999999875,0.9994177683688846,-0.23888275566043915,6.1412213976300105,0.998660319820281,,
500,1,Lasso,1,4,0.24999999999375,0.9997137678890609,-0.23968359938296335,6.145191231403588,0.9993058779607975,,
500,2,HPP_EN,2,4,0.4999999999875,0.9952842842255235,-0.12660642803682443,4.041455158330755,0.9982822071129845,0.005,0.001
500,2,EN_Fixed,2,4,0.4999999999875,0.9958780437841952,-0.1275422729645599,4.044812298159244,0.9991114561894373,,
500,2,Ridge,2,4,0.4999999999875,0.9954342865818808,-0.12778622694097552,4.045687429910532,0.9993276229961852,,
500,2,Lasso,1,4,0.24999999999375,0.9997223410620661,-0.12685267926130162,4.042338530959068,0.9985004095035958,,
500,3,HPP_EN,2,4,0.4999999999875,0.9943672846948207,-0.15506887790851276,5.321404266198952,0.978043649269895,0.005,0.001
500,3,EN_Fixed,2,4,0.4999999999875,0.9973412863507143,-0.16922095515028546,5.3866029098904935,0.9900267868429161,,
500,3,Ridge,2,4,0.4999999999875,0.9972515463997691,-0.17055902739635997,5.392767410982096,0.9911597868635791,,
500,3,Lasso,1,4,0.24999999999375,0.9959679086777642,-0.15447255165532292,5.318656990146015,0.977538715654264,,
500,4,HPP_EN,3,4,0.74999999998125,0.9978456703896902,-0.17893010222479,4.701111660790306,0.996118692505847,0.005,0.001
500,4,EN_Fixed,3,4,0.74999999998125,0.9978199036251855,-0.1786665036132049,4.700060532734154,0.9958959689501223,,
500,4,Ridge,4,4,0.999999999975,0.9977302216173687,-0.17883687941580284,4.700739924727622,0.9960399253402408,,
500,4,Lasso,2,4,0.4999999999875,0.9978016429711642,-0.1814674414731221,4.711229576267402,0.9982625779234154,,
500,5,HPP_EN,2,4,0.4999999999875,0.9993969805181444,-0.18455666171937368,6.045232716021681,0.9958117984181022,0.005,0.001
500,5,EN_Fixed,4,4,0.999999999975,0.998974597722802,-0.18467710837624618,6.045847400058497,0.9959130533482121,,
500,5,Ridge,4,4,0.999999999975,0.9992656295599265,-0.18570275666201508,6.051081664296445,0.9967752769099905,,
500,5,Lasso,1,4,0.24999999999375,0.9968271350228185,-0.17078956252270472,5.974974094245313,0.9842383209703148,,
500,6,HPP_EN,2,4,0.4999999999875,0.9962338510322989,-0.1711768711047894,8.446918878797927,0.9872520481532315,0.005,0.001
500,6,EN_Fixed,4,4,0.999999999975,1.0005625143356707,-0.1828266908352707,8.530941270841213,0.9970723482917446,,
500,6,Ridge,4,4,0.999999999975,1.0001449596968284,-0.18255989566928155,8.529017054969156,0.9968474513692057,,
500,6,Lasso,2,4,0.4999999999875,1.0031859915153667,-0.1845738832345456,8.543542606153107,0.9985451568121817,,
500,7,HPP_EN,3,4,0.74999999998125,0.9764106286315214,-0.17199030703216867,10.042487990340204,0.9890925424648666,0.005,0.001
500,7,EN_Fixed,4,4,0.999999999975,0.9915261083312891,-0.17592108658679373,10.076169844390652,0.992409894767377,,
500,7,Ridge,4,4,0.999999999975,0.98982043848397,-0.1763263983533243,10.079642858223021,0.9927519546319025,,
500,7,Lasso,2,4,0.4999999999875,0.996837564771917,-0.1719909055362041,10.042493118769638,0.989093047567916,,
500,8,HPP_EN,4,4,0.999999999975,0.9971029145726524,-0.17455359326640396,6.335779218889968,0.9872224453278106,0.005,0.001
500,8,EN_Fixed,3,4,0.74999999998125,0.9997402030996426,-0.18651761756616847,6.400315581442774,0.9972783111417562,,
500,8,Ridge,3,4,0.74999999998125,1.000010901182269,-0.1862369625865956,6.398801671820047,0.9970424182060779,,
500,8,Lasso,2,4,0.4999999999875,0.998328447213263,-0.184004322048972,6.386758358000548,0.995165864540305,,
500,9,HPP_EN,3,4,0.74999999998125,0.9918529361054145,-0.14891750883706178,4.535582948848711,0.9898547014647084,0.005,0.001
500,9,EN_Fixed,3,4,0.74999999998125,0.9956360735702343,-0.15402768861114047,4.555756411321507,0.9942573982952422,,
500,9,Ridge,3,4,0.74999999998125,0.9956801144223595,-0.15459070744399073,4.55797904140462,0.9947424695335368,,
500,9,Lasso,2,4,0.4999999999875,0.9957322946402969,-0.15165955107044193,4.546407712074167,0.9922171194585585,,
500,10,HPP_EN,3,4,0.74999999998125,0.9916719857434733,-0.1923728212383602,8.492266405648987,0.9890152875880183,0.005,0.001
500,10,EN_Fixed,3,4,0.74999999998125,0.9961981931178949,-0.19886849306217447,8.538529600036634,0.994403131576474,,
500,10,Ridge,3,4,0.74999999998125,0.9958102344837486,-0.19915879856427643,8.540597201393327,0.9946439258771622,,
500,10,Lasso,3,4,0.74999999998125,0.9954546058426317,-0.1928760564747487,8.495850525997923,0.9894326967516422,,
500,11,HPP_EN,2,4,0.4999999999875,0.9982817018076655,-0.1786581333677284,6.096477441983511,0.9929215118813239,0.005,0.001
500,11,EN_Fixed,3,4,0.74999999998125,0.999754563446781,-0.18426136882110633,6.12545955102478,0.9976417720316515,,
500,11,Ridge,4,4,0.999999999975,0.9996247796778264,-0.18446535028962252,6.126514622369206,0.9978136094647299,,
500,11,Lasso,2,4,0.4999999999875,0.9983833863119647,-0.17879910126667276,6.097206582683116,0.9930402656194809,,
500,12,HPP_EN,3,4,0.74999999998125,0.9990898738390808,-0.20154984444781854,9.3068799856483,0.9954075543352513,0.005,0.001
500,12,EN_Fixed,3,4,0.74999999998125,0.9996780620547715,-0.20539623955242003,9.336673121389882,0.9985940478142945,,
500,12,Ridge,4,4,0.999999999975,1.0001843259409575,-0.20570650400882484,9.339076345919363,0.9988510821646996,,
500,12,Lasso,1,4,0.24999999999375,0.99986476195435,-0.2065120039270507,9.345315530337738,0.9995183875680698,,
500,13,HPP_EN,4,4,0.999999999975,0.9957033969786855,-0.19934145412487791,5.546085624427098,0.9900660731687059,0.005,0.001
500,13,EN_Fixed,3,4,0.74999999998125,0.9972834094595873,-0.2048786770094626,5.571691270036882,0.9946370954566005,,
500,13,Ridge,4,4,0.999999999975,0.9980014744632895,-0.20565959410860524,5.575302446055629,0.9952817488396378,,
500,13,Lasso,1,4,0.24999999999375,0.9933185570707823,-0.19892093810356526,5.544141042379491,0.9897189337910969,,
500,14,HPP_EN,4,4,0.999999999975,0.9950734182677784,-0.20652180735753012,4.52203028112612,0.9919328028595578,0.005,0.001
500,14,EN_Fixed,2,4,0.4999999999875,0.9995109324538823,-0.21602051912301268,4.557631346911475,0.9997420970866766,,
500,14,Ridge,3,4,0.74999999998125,0.9993675591692415,-0.21544997512462594,4.55549295436715,0.999273028642142,,
500,14,Lasso,0,4,0.0,0.9998492592663207,-0.21626506292016767,4.558547894336522,0.9999431469248599,,
1000,0,HPP_EN,3,4,0.74999999998125,0.9911013386409447,-0.16336601660317362,4.456501952868912,0.9888393085794226,0.005,0.001
1000,0,EN_Fixed,3,4,0.74999999998125,0.9980372025859863,-0.17155786417010654,4.487882433438763,0.995802225467545,,
1000,0,Ridge,4,4,0.999999999975,0.9970350654268448,-0.1719473958519444,4.489374611030373,0.9961333200959261,,
1000,0,Lasso,2,4,0.4999999999875,0.9961036723166872,-0.1669939313163311,4.470399392516699,0.9919229680858421,,
1000,1,HPP_EN,3,4,0.74999999998125,0.9962311666123026,-0.21273679928863776,4.32825859982006,0.9928730764113626,0.005,0.001
1000,1,EN_Fixed,3,4,0.74999999998125,0.9993513666581121,-0.22016970511290324,4.354786646610098,0.9989584298670697,,
1000,1,Ridge,4,4,0.999999999975,0.9990144143393584,-0.21938775239369246,4.351995856734206,0.9983182416560858,,
1000,1,Lasso,1,4,0.24999999999375,0.9999571285282417,-0.22122032963158977,4.358536326351699,0.999818580889644,,
1000,2,HPP_EN,3,4,0.74999999998125,1.0036569199768939,-0.11008296325691225,3.351727961646253,0.9979543231065457,0.005,0.001
1000,2,EN_Fixed,3,4,0.74999999998125,1.0005393852346463,-0.11060944382878368,3.353317590270791,0.9984276242742253,,
1000,2,Ridge,4,4,0.999999999975,1.0014029994778761,-0.11104025781427751,3.354618368076813,0.9988149220650291,,
1000,2,Lasso,1,4,0.24999999999375,0.9993037837715326,-0.10667006540032209,3.3414232316802925,0.9948861594800069,,
1000,3,HPP_EN,4,4,0.999999999975,0.9986199508181899,-0.1822531845268509,2.7173427162467716,0.9985021589605526,0.005,0.001
1000,3,EN_Fixed,2,4,0.4999999999875,0.9998201576699579,-0.18328489199338782,2.719714038063607,0.9993735138837074,,
1000,3,Ridge,4,4,0.999999999975,0.9993372231357909,-0.18320024971131432,2.7195194925198187,0.9993020270799533,,
1000,3,Lasso,2,4,0.4999999999875,0.9999434822189883,-0.183144239795328,2.7193907568655318,0.9992547224731505,,
1000,4,HPP_EN,1,4,0.24999999999375,0.9976044086769897,-0.24029360992147475,11.480184172745144,0.9947049338938131,0.005,0.001
1000,4,EN_Fixed,1,4,0.24999999999375,0.9989663346173313,-0.24400144515295574,11.514503974926733,0.9976785862365458,,
1000,4,Ridge,3,4,0.74999999998125,0.999120147115687,-0.2444152052800017,11.518333747509473,0.9980104183418868,,
1000,4,Lasso,1,4,0.24999999999375,0.9975890036199471,-0.24024512605141735,11.479735405007235,0.9946660502420918,,
1000,5,HPP_EN,3,4,0.74999999998125,0.9954666654679621,-0.15182409078273995,5.8082944673202395,0.99709793999984,0.005,0.001
1000,5,EN_Fixed,4,4,0.999999999975,0.9986167110957679,-0.153530912159608,5.816901442325625,0.9985754816595794,,
1000,5,Ridge,4,4,0.999999999975,0.9981250829053349,-0.15347787500540222,5.816633992276784,0.9985295690609237,,
1000,5,Lasso,3,4,0.74999999998125,0.9979243256649408,-0.14960377445635586,5.797098095289618,0.9951758818896637,,
1000,6,HPP_EN,1,4,0.24999999999375,0.9982914484833199,-0.2012288074429689,6.735918066885499,0.9946752790984612,0.005,0.001
1000,6,EN_Fixed,1,4,0.24999999999375,0.999289218361195,-0.20493794249448438,6.756717126690937,0.9977466214769657,,
1000,6,Ridge,2,4,0.4999999999875,0.9992671864617345,-0.20534857498167836,6.759019757773542,0.9980866449439985,,
1000,6,Lasso,1,4,0.24999999999375,0.998531720416052,-0.20179209504298146,6.7390767150117075,0.9951417083476463,,
1000,7,HPP_EN,4,4,0.999999999975,0.9986905598095945,-0.20938041854107925,12.919640930285434,0.994300590275195,0.005,0.001
1000,7,EN_Fixed,3,4,0.74999999998125,0.9992291993070227,-0.21313387177117682,12.959738543276373,0.9973865181644181,,
1000,7,Ridge,3,4,0.74999999998125,0.999325596832712,-0.21335849784966787,12.962138192082648,0.9975711960697413,,
1000,7,Lasso,2,4,0.4999999999875,0.9974124556397116,-0.2074026511498328,12.898512719387696,0.9926745549480185,,
1000,8,HPP_EN,2,4,0.4999999999875,0.998081156674135,-0.21665044307119197,8.763646577111464,0.9985694956201172,0.005,0.001
1000,8,EN_Fixed,3,4,0.74999999998125,0.9993389575252324,-0.21771025206516303,8.771280480107432,0.9994393370265708,,
1000,8,Ridge,4,4,0.999999999975,0.9993392962415588,-0.21770532817453492,8.771245012864153,0.9994352957285882,,
1000,8,Lasso,2,4,0.4999999999875,0.9993744640314368,-0.2171097363590173,8.766954909486358,0.9989464619619104,,
1000,9,HPP_EN,3,4,0.74999999998125,0.9978551004964166,-0.17972770899159363,3.386478425586669,0.9963097303292329,0.005,0.001
1000,9,EN_Fixed,4,4,0.999999999975,0.9985146723592391,-0.18143539163559264,3.391380429996309,0.9977519112846882,,
1000,9,Ridge,4,4,0.999999999975,0.996237340929737,-0.18156227481495257,3.3917446556953386,0.9978590673218379,,
1000,9,Lasso,3,4,0.74999999998125,0.9980310130679846,-0.1785419218883837,3.38307455331025,0.9953083032880414,,
1000,10,HPP_EN,3,4,0.74999999998125,0.9994027839279835,-0.2044499850708572,2.941126003715642,0.9984804020883313,0.005,0.001
1000,10,EN_Fixed,3,4,0.74999999998125,0.9993148575859289,-0.2042604089527038,2.9406630810059444,0.9983232448455845,,
1000,10,Ridge,3,4,0.74999999998125,0.9993573105312208,-0.2043824306574642,2.940961043738592,0.998424399963973,,
1000,10,Lasso,2,4,0.4999999999875,0.9985032972912065,-0.2018776073724844,2.9348445582145097,0.9963479194195362,,
1000,11,HPP_EN,3,4,0.74999999998125,0.9970457797870842,-0.21763643915587694,8.910522628628723,0.9940814631025919,0.005,0.001
1000,11,EN_Fixed,2,4,0.4999999999875,0.9993492568361544,-0.22332524825558342,8.952152675646719,0.9987258212141709,,
1000,11,Ridge,3,4,0.74999999998125,0.999107398867431,-0.2229710117575887,8.94956041392576,0.9984366216428644,,
1000,11,Lasso,1,4,0.24999999999375,0.9994140815581251,-0.22309359988957667,8.950457499696975,0.9985367029033186,,
1000,12,HPP_EN,3,4,0.74999999998125,0.9982898274093541,-0.2013467318609543,6.323391477899454,0.9970526648248321,0.005,0.001
1000,12,EN_Fixed,4,4,0.999999999975,0.9981542306719922,-0.20133063977383925,6.323306775819841,0.9970393092648467,,
1000,12,Ridge,4,4,0.999999999975,0.9981590922769734,-0.20157561362027243,6.324596216654664,0.9972426242778405,,
1000,12,Lasso,1,4,0.24999999999375,0.9980688399414737,-0.19356438035592216,6.282428403809505,0.9905937349414703,,
1000,13,HPP_EN,3,4,0.74999999998125,0.9986839226216764,-0.2284909825461514,7.620898142303483,0.9972303522875491,0.005,0.001
1000,13,EN_Fixed,2,4,0.4999999999875,0.9990968489240759,-0.22972310582598032,7.628541573266953,0.9982305311654265,,
1000,13,Ridge,3,4,0.74999999998125,0.9991977521593151,-0.22980093779566269,7.629024400997553,0.9982937114440352,,
1000,13,Lasso,2,4,0.4999999999875,0.997953493068587,-0.22706746877985262,7.612067427571946,0.9960748117464943,,
1000,14,HPP_EN,2,4,0.4999999999875,0.9983059323408696,-0.17720822236732303,1.7543236633706527,0.9948040587343547,0.005,0.001
1000,14,EN_Fixed,2,4,0.4999999999875,0.9995880369052711,-0.18235036945103333,1.761986700493639,0.9991494486936577,,
1000,14,Ridge,3,4,0.74999999998125,1.0000439749941146,-0.18150314276359092,1.7607241287601265,0.9984334967224416,,
1000,14,Lasso,0,4,0.0,0.999874954997433,-0.18314018677286392,1.7631637184511255,0.9998168866731817,,
3000,0,HPP_EN,1,4,0.24999999999375,0.9995501509442017,-0.18826612755302685,11.119649462641814,0.9985778646063213,0.005,0.001
3000,0,EN_Fixed,2,4,0.4999999999875,0.9999448625637679,-0.1894114679581127,11.130367418430204,0.9995403691744799,,
3000,0,Ridge,4,4,0.999999999975,1.0000315578935448,-0.18951140405378908,11.131302608222136,0.9996243520220117,,
3000,0,Lasso,1,4,0.24999999999375,0.9997326464490482,-0.18898263995696896,11.1263544983091,0.99917999691465,,
3000,1,HPP_EN,4,4,0.999999999975,0.9975532128248726,-0.22108447554854482,11.181779841412233,0.9972457458840925,0.005,0.001
3000,1,EN_Fixed,4,4,0.999999999975,0.9992254621518338,-0.22319952716817104,11.201147904832464,0.9989730843870653,,
3000,1,Ridge,4,4,0.999999999975,0.9992392005381092,-0.22324519583377067,11.201566104371164,0.9990103814647054,,
3000,1,Lasso,4,4,0.999999999975,0.9989188374498281,-0.22149112586810626,11.185503641392355,0.9975778525559612,,
3000,2,HPP_EN,4,4,0.999999999975,0.9996389720512304,-0.22034217120736765,6.691851649733133,0.9994289918863867,0.005,0.001
3000,2,EN_Fixed,3,4,0.74999999998125,0.9996083793432927,-0.22043106456928818,6.692339104157517,0.9995017932737236,,
3000,2,Ridge,3,4,0.74999999998125,0.9996125072700764,-0.22041160176531216,6.6922323781916635,0.999485853735604,,
3000,2,Lasso,1,4,0.24999999999375,0.9996134372223932,-0.22082148099277865,6.694479986320945,0.9998215343281188,,
3000,3,HPP_EN,3,4,0.74999999998125,0.9997306047370683,-0.22901378176831222,9.897753260249928,0.9996473265539134,0.005,0.001
3000,3,EN_Fixed,3,4,0.74999999998125,0.9997238557822026,-0.22906173300188937,9.898139431247774,0.9996863288199266,,
3000,3,Ridge,3,4,0.74999999998125,0.9997091167400496,-0.22905631265393622,9.898095778957277,0.9996819200521643,,
3000,3,Lasso,1,4,0.24999999999375,0.9998575737088716,-0.22897605182716685,9.897449405522242,0.9996166380170096,,
3000,4,HPP_EN,4,4,0.999999999975,0.999459642530387,-0.2037675781451329,3.189045541697623,0.9991726566421298,0.005,0.001
3000,4,EN_Fixed,3,4,0.74999999998125,0.9996558855962314,-0.2043446515537093,3.1905743363040435,0.9996516494154799,,
3000,4,Ridge,4,4,0.999999999975,0.9996171121352657,-0.20420019720562732,3.1901916449082184,0.9995317468384733,,
3000,4,Lasso,1,4,0.24999999999375,0.9995859227729846,-0.20385562630913245,3.189278800683789,0.9992457399511782,,
3000,5,HPP_EN,3,4,0.74999999998125,0.9989604332419864,-0.15997718121121918,8.286067679088728,0.9986460860894525,0.005,0.001
3000,5,EN_Fixed,4,4,0.999999999975,0.999596059638417,-0.16124142865729696,8.295098580791793,0.9997345003999443,,
3000,5,Ridge,4,4,0.999999999975,0.9993919270082535,-0.1611016552069029,8.294100136780596,0.9996141668180117,,
3000,5,Lasso,0,4,0.0,0.9999999999622337,-0.16155019625114786,8.297304201058466,1.0000003242058821,,
3000,6,HPP_EN,4,4,0.999999999975,0.9993494794167446,-0.24136912885580308,8.058914719986069,0.9986277887573859,0.005,0.001
3000,6,EN_Fixed,4,4,0.999999999975,0.9995069203417273,-0.24184383033364387,8.061996461458806,0.9990096655707499,,
3000,6,Ridge,4,4,0.999999999975,0.9995070671756233,-0.24183967774148352,8.061969503010017,0.9990063249899103,,
3000,6,Lasso,0,4,0.0,0.9999899315061271,-0.24304901665809897,8.06982047897681,0.9999791858578708,,
3000,7,HPP_EN,1,4,0.24999999999375,0.9997325716758743,-0.1721129986312282,3.04201346735793,0.998379005612912,0.005,0.001
3000,7,EN_Fixed,1,4,0.24999999999375,0.9998066425018927,-0.1729269183274018,3.0441258530067534,0.9990722837677176,,
3000,7,Ridge,1,4,0.24999999999375,0.999889367558019,-0.1730639809886243,3.0444815750760403,0.9991890306032001,,
3000,7,Lasso,1,4,0.24999999999375,0.9997002869658644,-0.1723284726414951,3.0425726923147924,0.9985625414395405,,
3000,8,HPP_EN,2,4,0.4999999999875,0.9999819563191326,-0.1887794641739211,6.465409463970806,0.9999658464436915,0.005,0.001
3000,8,EN_Fixed,3,4,0.74999999998125,0.9999594898660298,-0.18878100374734608,6.465417837241789,0.9999671414869602,,
3000,8,Ridge,3,4,0.74999999998125,0.9999577783840827,-0.1887936386905109,6.4654865548497025,0.999977769624489,,
3000,8,Lasso,1,4,0.24999999999375,0.9999678669686656,-0.1886441725059289,6.4646736537915475,0.9998520431257695,,
3000,9,HPP_EN,2,4,0.4999999999875,0.999338665827219,-0.21096315929503429,5.445174432376591,0.9991520303061217,0.005,0.001
3000,9,EN_Fixed,3,4,0.74999999998125,0.9996191026637483,-0.21145655426743626,5.447393014889334,0.9995591249271549,,
3000,9,Ridge,3,4,0.74999999998125,0.9996321811291036,-0.21152703620854907,5.44770994151154,0.9996172787809879,,
3000,9,Lasso,1,4,0.24999999999375,0.9997381057774809,-0.21098173959377786,5.445257979895679,0.9991673607008336,,
3000,10,HPP_EN,1,4,0.24999999999375,0.9998741723687962,-0.21000340301938292,5.694999197939518,0.9996001830766259,0.005,0.001
3000,10,EN_Fixed,1,4,0.24999999999375,0.9999622911076347,-0.2103084290654098,5.696434832817188,0.9998521692203762,,
3000,10,Ridge,2,4,0.4999999999875,0.9999698064132119,-0.21036588594988315,5.696705259255804,0.999899635130055,,
3000,10,Lasso,1,4,0.24999999999375,0.9999389980356063,-0.21019787681493352,5.6959145078526285,0.9997608405104405,,
3000,11,HPP_EN,2,4,0.4999999999875,0.9997975102321363,-0.18641037941237326,4.895935634679976,0.9993046563628794,0.005,0.001
3000,11,EN_Fixed,1,4,0.24999999999375,0.9998981806813727,-0.18687843979163898,4.897867169947869,0.9996989001461232,,
3000,11,Ridge,2,4,0.4999999999875,0.99983332102095,-0.18681740140264247,4.897615284066763,0.9996474879641333,,
3000,11,Lasso,0,4,0.0,0.9999999999686072,-0.1872369447288007,4.899346604996244,1.0000008661936657,,
3000,12,HPP_EN,1,4,0.24999999999375,0.9999850986212272,-0.19439266273235312,6.873518619836672,0.999858406268197,0.005,0.001
3000,12,EN_Fixed,1,4,0.24999999999375,0.999994359952377,-0.19455544167855465,6.874455383894711,0.9999946729272291,,
3000,12,Ridge,4,4,0.999999999975,1.0000118930134794,-0.19453783982697082,6.874354088350641,0.9999799379411386,,
3000,12,Lasso,0,4,0.0,0.999999999973226,-0.19456180519622035,6.874492004813884,1.0,,
3000,13,HPP_EN,2,4,0.4999999999875,0.9998462307460758,-0.13511567998920793,4.915823010978751,0.9991841158795047,0.005,0.001
3000,13,EN_Fixed,4,4,0.999999999975,1.0001752511957671,-0.13547442963737932,4.917376640980301,0.9994999047954269,,
3000,13,Ridge,4,4,0.999999999975,1.0001541412136639,-0.13550358100809268,4.917502886244533,0.9995255652519658,,
3000,13,Lasso,0,4,0.0,0.999999999946175,-0.1360440173483668,4.919843343207928,1.0000012836446948,,
3000,14,HPP_EN,3,4,0.74999999998125,0.9992337626744018,-0.22718572761799982,10.988248668364909,0.9991181452462158,0.005,0.001
3000,14,EN_Fixed,4,4,0.999999999975,0.9996493005200948,-0.22737035086210744,10.989901789054432,0.999268456995343,,
3000,14,Ridge,4,4,0.999999999975,0.9995722736818367,-0.22735280847389205,10.989744714114911,0.9992541747901457,,
3000,14,Lasso,1,4,0.24999999999375,0.999682818293562,-0.22714161941611266,10.987853722530923,0.9990822343780662,,
5000,0,HPP_EN,3,4,0.74999999998125,0.9944571844014473,-0.1567938060854861,7.766948848954435,0.9991250105777966,0.1,0.001
5000,0,EN_Fixed,3,4,0.74999999998125,0.9989347070495199,-0.1575070908756131,7.77173798808235,0.9997410760077216,,
5000,0,Ridge,3,4,0.74999999998125,0.9982812880163388,-0.15747804044232638,7.771542937565836,0.9997159850932369,,
5000,0,Lasso,1,4,0.24999999999375,0.9995737264239171,-0.15756281381640203,7.772112123238109,0.9997892040176679,,
5000,1,HPP_EN,3,4,0.74999999998125,0.9998423039869694,-0.18244395536394253,2.8960359262794926,0.99841006700238,0.1,0.001
5000,1,EN_Fixed,3,4,0.74999999998125,0.9997124705272317,-0.1834262754300393,2.8984418197593618,0.9992395001764094,,
5000,1,Ridge,4,4,0.999999999975,0.9999950871142294,-0.1835789664300076,2.8988157898063323,0.9993684265672267,,
5000,1,Lasso,3,4,0.74999999998125,0.9995387905202116,-0.18234430780654898,2.8957918699714797,0.9983259284484952,,
5000,2,HPP_EN,4,4,0.999999999975,0.9997457768268803,-0.2490541714216914,10.3257028889026,0.9995131344682352,0.1,0.001
5000,2,EN_Fixed,2,4,0.4999999999875,0.9999542439294987,-0.2495457395351468,10.329766592787772,0.9999064951383533,,
5000,2,Ridge,4,4,0.999999999975,0.9999102584974474,-0.24943962969768751,10.32888940212602,0.9998215843485226,,
5000,2,Lasso,0,4,0.0,0.9999999999860631,-0.24966285301619506,10.330734748562964,1.0000002112198567,,
5000,3,HPP_EN,3,4,0.74999999998125,0.9996674961216993,-0.206742093736193,8.97019699332171,0.9990929967982703,0.1,0.001
5000,3,EN_Fixed,3,4,0.74999999998125,0.9998911087912277,-0.20745081600144988,8.975465209592532,0.9996797662957201,,
5000,3,Ridge,4,4,0.999999999975,0.9999034016037083,-0.20745696801550984,8.975510939975447,0.9996848597073078,,
5000,3,Lasso,1,4,0.24999999999375,0.9997560306033236,-0.20696395859365846,8.971846203610877,0.9992766844532217,,
5000,4,HPP_EN,3,4,0.74999999998125,0.9990719378977315,-0.1780438758247198,8.813643660742263,0.997790091133085,0.1,0.001
5000,4,EN_Fixed,3,4,0.74999999998125,0.9999020065027819,-0.18027974530306,8.830371523989482,0.999683847771812,,
5000,4,Ridge,3,4,0.74999999998125,0.9997882347962562,-0.18018735966041732,8.829680332302713,0.999605598157614,,
5000,4,Lasso,1,4,0.24999999999375,0.9998940426747023,-0.180159105525322,8.829468946391048,0.9995816672186988,,
5000,5,HPP_EN,2,4,0.4999999999875,0.9994467775760285,-0.11250598825971947,2.7137799172032357,0.9984811050874134,0.1,0.001
5000,5,EN_Fixed,4,4,0.999999999975,0.9997248745272627,-0.11353031970002214,2.716278609453515,0.999400448982442,,
5000,5,Ridge,4,4,0.999999999975,0.9997438257158839,-0.11362355352045217,2.7165060384041517,0.9994841269212907,,
5000,5,Lasso,1,4,0.24999999999375,0.999764146227091,-0.11229263563307557,2.7132594776913783,0.9982896197662802,,
5000,6,HPP_EN,4,4,0.999999999975,0.9999214253576578,-0.2465404520495882,14.755585053898779,0.9998507224315312,0.1,0.001
5000,6,EN_Fixed,2,4,0.4999999999875,0.9999262544978338,-0.2465580522331534,14.755793391305826,0.9998648395476052,,
5000,6,Ridge,3,4,0.74999999998125,0.9999148552031332,-0.24652711522770732,14.755427182881203,0.9998400249600045,,
5000,6,Lasso,0,4,0.0,0.9999999999881806,-0.2467269554360343,14.757792737233098,1.000000316891436,,
5000,7,HPP_EN,4,4,0.999999999975,0.9995242010600947,-0.1974966977853434,3.3769584752175987,0.9991174162654656,0.1,0.001
5000,7,EN_Fixed,3,4,0.74999999998125,0.999885869236533,-0.1981428690014504,3.3787806876451647,0.9996565416902753,,
5000,7,Ridge,4,4,0.999999999975,0.9997849133247163,-0.19807894633845424,3.378600424786017,0.9996032085612475,,
5000,7,Lasso,2,4,0.4999999999875,0.9997783155556403,-0.19754451306647103,3.3770933150206206,0.9991573103881186,,
5000,8,HPP_EN,4,4,0.999999999975,1.0002305618274252,-0.17899068113299288,6.275566364928655,0.9997894958105745,0.1,0.001
5000,8,EN_Fixed,4,4,0.999999999975,0.9998994897373388,-0.17885815985831277,6.274860976779851,0.9996771171628744,,
5000,8,Ridge,4,4,0.999999999975,0.999936589252001,-0.1788964206560011,6.275064632482064,0.9997095624944976,,
5000,8,Lasso,1,4,0.24999999999375,0.999560390346792,-0.17835633291593966,6.272189837532554,0.9992515656180418,,
5000,9,HPP_EN,4,4,0.999999999975,1.0001842608740603,-0.14228876956038805,3.593901548225164,0.9980065449084387,0.1,0.001
5000,9,EN_Fixed,3,4,0.74999999998125,1.0000850769061198,-0.1438430861787161,3.598791783557856,0.9993645361618659,,
5000,9,Ridge,4,4,0.999999999975,1.0001833332013894,-0.14384166961504152,3.5987873267247688,0.9993632985240145,,
5000,9,Lasso,1,4,0.24999999999375,0.9998295810139792,-0.14343368671858348,3.5975037192847736,0.9990068478508343,,
5000,10,HPP_EN,2,4,0.4999999999875,0.9999190776928503,-0.16168854654335485,5.977521854783758,0.9997222649849969,0.1,0.001
5000,10,EN_Fixed,1,4,0.24999999999375,0.9999617723008152,-0.16177555988842052,5.977969585953473,0.9997971466550211,,
5000,10,Ridge,4,4,0.999999999975,1.0000110929766153,-0.16174699549869853,5.9778226065721745,0.9997725648026167,,
5000,10,Lasso,1,4,0.24999999999375,0.9999571359519676,-0.16174729232063867,5.977824133883122,0.9997728202407058,,
5000,11,HPP_EN,3,4,0.74999999998125,0.9997776763092583,-0.2316745051667528,5.953622146747952,0.9994462292090969,0.1,0.001
5000,11,EN_Fixed,2,4,0.4999999999875,0.9999320051078274,-0.23213797810013248,5.955862464875031,0.9998223158080023,,
5000,11,Ridge,3,4,0.74999999998125,0.9999019358184696,-0.23204123492596662,5.955394831338862,0.999743813248912,,
5000,11,Lasso,1,4,0.24999999999375,0.9999543014479948,-0.23220291015929928,5.956176331033555,0.9998750051357563,,
5000,12,HPP_EN,3,4,0.74999999998125,0.9996760286970966,-0.14292189420908663,3.504069017941218,0.9997745776247469,0.1,0.001
5000,12,EN_Fixed,3,4,0.74999999998125,0.9997684365365855,-0.14300926501332145,3.504336886926617,0.9998510055148269,,
5000,12,Ridge,4,4,0.999999999975,0.9997793193044281,-0.14303491666604873,3.504415531987173,0.9998734443799854,,
5000,12,Lasso,2,4,0.4999999999875,0.9997784925325597,-0.14282505713909321,3.503772126457669,0.9996898690884578,,
5000,13,HPP_EN,2,4,0.4999999999875,0.9993961183566914,-0.14086219875854122,3.231347080906206,0.999006297015499,0.1,0.001
5000,13,EN_Fixed,3,4,0.74999999998125,0.9996183727955831,-0.14139776522087244,3.2328640047963733,0.9994752706294214,,
5000,13,Ridge,3,4,0.74999999998125,0.9994120495343848,-0.14139812007036778,3.232865009862438,0.9994755813565895,,
5000,13,Lasso,1,4,0.24999999999375,0.9999395817020177,-0.1415673675043414,3.23334438169395,0.9996237844020384,,
5000,14,HPP_EN,3,4,0.74999999998125,0.9994966060917916,-0.20755486479597973,3.6212682167810244,0.9991297110890617,0.1,0.001
5000,14,EN_Fixed,2,4,0.4999999999875,0.9998202278773638,-0.2083267696396851,3.623583038706206,0.9997683843998679,,
5000,14,Ridge,2,4,0.4999999999875,0.9998236307367736,-0.20826528369857455,3.6233986519832393,0.999717510992482,,
5000,14,Lasso,2,4,0.4999999999875,0.9995178157198246,-0.20805811968449173,3.6227773994987933,0.9995461036903602,,
10000,0,HPP_EN,2,4,0.4999999999875,0.9996429150980572,-0.20534782906675209,10.880290669374466,0.9992134357926135,0.005,0.001
10000,0,EN_Fixed,2,4,0.4999999999875,0.9997522502439448,-0.2059162267439325,10.88542141403952,0.9996846280760489,,
10000,0,Ridge,3,4,0.74999999998125,0.9997268009887939,-0.20595939143686515,10.88581104796463,0.9997204108933321,,
10000,0,Lasso,1,4,0.24999999999375,0.9998030552964178,-0.2054789288564416,10.88147406539022,0.9993221153522629,,
10000,1,HPP_EN,3,4,0.74999999998125,0.999823668165451,-0.16838817541201245,6.076541774274322,0.999627997405755,0.005,0.001
10000,1,EN_Fixed,4,4,0.999999999975,0.9998714947116658,-0.16860715442304985,6.077680638169268,0.9998153474276774,,
10000,1,Ridge,4,4,0.999999999975,0.9998330593968469,-0.1686256378854727,6.077776766779527,0.9998311611674222,,
10000,1,Lasso,2,4,0.4999999999875,0.9998029982718419,-0.16814328986969707,6.075268175945349,0.9994184827517985,,
10000,2,HPP_EN,3,4,0.74999999998125,0.9999045772174823,-0.21184685158202865,2.4913044587756317,0.999842484861099,0.005,0.001
10000,2,EN_Fixed,3,4,0.74999999998125,0.9999318457162496,-0.21189280462408533,2.4913989286489664,0.9998803987309058,,
10000,2,Ridge,3,4,0.74999999998125,0.99992844721317,-0.2118886381223437,2.4913903631900944,0.9998769611303138,,
10000,2,Lasso,0,4,0.0,0.9999999999645096,-0.2120378333280577,2.491697077426087,1.000000055649242,,
10000,3,HPP_EN,1,4,0.24999999999375,0.999995679658091,-0.19295090147061322,10.642902356798352,0.9999522438451361,0.005,0.001
10000,3,EN_Fixed,1,4,0.24999999999375,0.9999847796343483,-0.19295675643317933,10.642954591802171,0.9999571515768362,,
10000,3,Ridge,1,4,0.24999999999375,0.9999935034730046,-0.19295644413355606,10.642951805623467,0.9999568898018472,,
10000,3,Lasso,0,4,0.0,0.9999999999679079,-0.1930079535879372,10.643411346827346,1.0000000659245394,,
10000,4,HPP_EN,3,4,0.74999999998125,0.9995980350642345,-0.16547241514084732,6.744162443315934,0.9995113973547552,0.005,0.001
10000,4,EN_Fixed,2,4,0.4999999999875,0.9999625880161955,-0.16589104376231112,6.7465848939804856,0.9998704140701885,,
10000,4,Ridge,4,4,0.999999999975,0.9999156422428875,-0.16588880224813285,6.7465719231580605,0.9998684917432938,,
10000,4,Lasso,1,4,0.24999999999375,0.9998919488545006,-0.1657038058922382,6.745501416932974,0.9997098385106788,,
10000,5,HPP_EN,2,4,0.4999999999875,0.999887916625034,-0.19671929319352754,7.389122979610242,0.9996238536537951,0.005,0.001
10000,5,EN_Fixed,3,4,0.74999999998125,0.9999235796463514,-0.1969774069263861,7.3907166984762,0.9998394569667762,,
10000,5,Ridge,4,4,0.999999999975,0.9999306221329378,-0.19699374434073214,7.390817573563998,0.9998531036667001,,
10000,5,Lasso,1,4,0.24999999999375,0.9999410598163132,-0.19683329095983337,7.389826856884909,0.9997190763907482,,
10000,6,HPP_EN,1,4,0.24999999999375,0.9999111462021243,-0.11995756024496718,3.804290134234016,0.9990453932712839,0.005,0.001
10000,6,EN_Fixed,1,4,0.24999999999375,0.9999831866336876,-0.12062715218753195,3.8065646150817587,0.9996426951417625,,
10000,6,Ridge,2,4,0.4999999999875,1.0000727877823328,-0.12070626220022596,3.8068333372650747,0.9997132643280862,,
10000,6,Lasso,1,4,0.24999999999375,0.9998458097443454,-0.11987510067062801,3.8040100342049903,0.9989718361466222,,
10000,7,HPP_EN,3,4,0.74999999998125,0.9996387721912449,-0.22623415095727428,7.106537299636733,0.9995526812664958,0.005,0.001
10000,7,EN_Fixed,3,4,0.74999999998125,0.9999314368184273,-0.22661026694439546,7.108717048332673,0.9998592685060541,,
10000,7,Ridge,3,4,0.74999999998125,0.9999220469478172,-0.2265913442482861,7.108607383432535,0.99984384385684,,
10000,7,Lasso,2,4,0.4999999999875,0.9998604930349493,-0.2264410658514997,7.107736457572853,0.9997213459029809,,
10000,8,HPP_EN,3,4,0.74999999998125,0.9997060772959847,-0.2245257865342818,4.851167805115725,0.9991783162774897,0.005,0.001
10000,8,EN_Fixed,1,4,0.24999999999375,0.9999652189089774,-0.22537046597331445,4.854514146814152,0.9998675507460226,,
10000,8,Ridge,4,4,0.999999999975,0.999927530084719,-0.22528227987512506,4.854164782541795,0.9997955933907124,,
10000,8,Lasso,1,4,0.24999999999375,0.9999498453516513,-0.22529874112046233,4.854229996573456,0.999809025300094,,
10000,9,HPP_EN,1,4,0.24999999999375,0.9997868821020339,-0.22298493986041468,9.182727472404528,0.9998187687655888,0.005,0.001
10000,9,EN_Fixed,4,4,0.999999999975,0.999921672536695,-0.22315862066380654,9.184031546913342,0.9999607568811787,,
10000,9,Ridge,4,4,0.999999999975,0.9999294239179138,-0.22317483345554412,9.184153279931667,0.9999740112173076,,
10000,9,Lasso,3,4,0.74999999998125,0.9998062945786682,-0.22283568295439826,9.181606783631796,0.9996967477568754,,
10000,10,HPP_EN,3,4,0.74999999998125,0.999898223956059,-0.18610128240221369,9.808692087122447,0.9996129507082875,0.005,0.001
10000,10,EN_Fixed,3,4,0.74999999998125,0.9999122830903425,-0.18615704502595043,9.809153226836496,0.9996599458862538,,
10000,10,Ridge,3,4,0.74999999998125,0.9999255931006907,-0.1861964415232562,9.809479023728482,0.9996931481511058,,
10000,10,Lasso,2,4,0.4999999999875,0.9996692154580027,-0.18522502226440807,9.801445685818042,0.9988744631988852,,
10000,11,HPP_EN,4,4,0.999999999975,0.9999616959105442,-0.18625764089696717,9.961558742754454,0.9995409172823093,0.005,0.001
10000,11,EN_Fixed,4,4,0.999999999975,1.0000917110645287,-0.18652714339070786,9.963821880904346,0.9997680001355751,,
10000,11,Ridge,4,4,0.999999999975,1.0000871119991954,-0.1865395242329424,9.963925848611659,0.9997784322356328,,
10000,11,Lasso,2,4,0.4999999999875,0.9998276895837974,-0.18610783819770416,9.960300779612988,0.9994146934989838,,
10000,12,HPP_EN,4,4,0.999999999975,0.9995110296183582,-0.1611729412950187,5.200058111048891,0.9993946099385923,0.005,0.001
10000,12,EN_Fixed,4,4,0.999999999975,0.9995593171870731,-0.16150587635810587,5.201549087641343,0.9996811594228903,,
10000,12,Ridge,4,4,0.999999999975,0.999573319805467,-0.16154621766409494,5.201729747324288,0.9997158802489874,,
10000,12,Lasso,2,4,0.4999999999875,0.9998260483236623,-0.161224939462568,5.200290973427362,0.9994393635549809,,
10000,13,HPP_EN,3,4,0.74999999998125,0.999744279458909,-0.22826111467977173,3.161842969735168,0.999520714680509,0.005,0.001
10000,13,EN_Fixed,4,4,0.999999999975,0.9998591796154068,-0.22852653332242845,3.1625262219030423,0.9997367041213755,,
10000,13,Ridge,4,4,0.999999999975,0.9998570040435656,-0.22853319689257146,3.1625433755539705,0.999742126727621,,
10000,13,Lasso,2,4,0.4999999999875,0.9998972932987191,-0.22851863474410017,3.1625058890405433,0.9997302765038589,,
10000,14,HPP_EN,2,4,0.4999999999875,0.9999579172814096,-0.24515448380495064,7.1642380558513015,0.9999222744850635,0.005,0.001
10000,14,EN_Fixed,1,4,0.24999999999375,0.9999932654765198,-0.24522892411971164,7.16466636265406,0.9999820538375995,,
10000,14,Ridge,4,4,0.999999999975,0.999984330931022,-0.24520815423887776,7.164546859112434,0.999965374568678,,
10000,14,Lasso,0,4,0.0,0.9999999999829239,-0.24525128004511676,7.16479499181104,1.0000000067808448,,
50000,0,HPP_EN,2,4,0.4999999999875,0.9998699333384503,-0.24473700547306154,14.616307217129844,0.9996811777173165,0.005,0.001
50000,0,EN_Fixed,2,4,0.4999999999875,0.999933045479042,-0.24492963837582327,14.61856920634886,0.9998358862912988,,
50000,0,Ridge,2,4,0.4999999999875,0.999938019603073,-0.24494376106176752,14.618735041794892,0.9998472285935325,,
50000,0,Lasso,2,4,0.4999999999875,0.9998869878017067,-0.24479297756800378,14.616964468687133,0.9997261303856674,,
50000,1,HPP_EN,2,4,0.4999999999875,0.9999424724092504,-0.2129709382611824,5.737633606917505,0.9999406300231028,0.005,0.001
50000,1,EN_Fixed,2,4,0.4999999999875,0.9999900842677036,-0.21302318542242404,5.737880748096861,0.999983701178133,,
50000,1,Ridge,3,4,0.74999999998125,0.9999820182211379,-0.21301796940610185,5.737856075131004,0.9999794012345128,,
50000,1,Lasso,1,4,0.24999999999375,0.9999949811765345,-0.21301866342567544,5.737859358004406,0.9999799733655902,,
50000,2,HPP_EN,2,4,0.4999999999875,0.9998845794871822,-0.24270759246295115,9.11448166850969,0.9997565990572201,0.005,0.001
50000,2,EN_Fixed,3,4,0.74999999998125,0.9999433242159412,-0.24286499831533392,9.115636141826469,0.999883231855317,,
50000,2,Ridge,3,4,0.74999999998125,0.999947726554936,-0.2428771166871877,9.115725022492189,0.9998929810692948,,
50000,2,Lasso,2,4,0.4999999999875,0.9998980845265697,-0.2427237676920122,9.114600303681515,0.9997696120074049,,
50000,3,HPP_EN,3,4,0.74999999998125,0.9999920177356795,-0.19703303623283097,8.027184731952069,0.9999455886260316,0.005,0.001
50000,3,EN_Fixed,2,4,0.4999999999875,0.9999788683670576,-0.19701963775140396,8.027094883065457,0.9999343961593312,,
50000,3,Ridge,3,4,0.74999999998125,0.9999905511676037,-0.1970335226505533,8.027187993821036,0.9999459949567182,,
50000,3,Lasso,2,4,0.4999999999875,0.9999523003175714,-0.19692222410887927,8.026441636847277,0.999853021344129,,
50000,4,HPP_EN,1,4,0.24999999999375,0.9999901563454187,-0.24243957443558495,4.3032001884067315,0.9999868809109212,0.005,0.001
50000,4,EN_Fixed,1,4,0.24999999999375,0.9999897772120713,-0.2424402475893246,4.303202519880518,0.9999874227037958,,
50000,4,Ridge,4,4,0.999999999975,0.9999912856590477,-0.2424431982891717,4.303212739654903,0.9999897975968668,,
50000,4,Lasso,1,4,0.24999999999375,0.9999857898978755,-0.24243475198133746,4.303183485794827,0.9999829995221756,,
50000,5,HPP_EN,2,4,0.4999999999875,0.9999824825406117,-0.22471548865197666,5.075760611780077,0.9999814434965517,0.005,0.001
50000,5,EN_Fixed,4,4,0.999999999975,0.9999972551511664,-0.22473735861561206,5.075851250545595,0.9999993003441282,,
50000,5,Ridge,4,4,0.999999999975,0.9999928668344593,-0.22473237351696063,5.07583059010028,0.9999952300060035,,
50000,5,Lasso,0,4,0.0,0.9999999999772335,-0.2247382159886957,5.075854803877425,1.000000000390124,,
50000,6,HPP_EN,2,4,0.4999999999875,0.9999790610985112,-0.21011559419552994,7.013078436193842,0.9999475179795438,0.005,0.001
50000,6,EN_Fixed,1,4,0.24999999999375,0.9999989559476827,-0.21017017901299795,7.013394775895739,0.9999926227224364,,
50000,6,Ridge,3,4,0.74999999998125,0.9999955038919996,-0.21016109983092313,7.013342158595101,0.99998512037669,,
50000,6,Lasso,0,4,0.0,0.9999999999788529,-0.2101791103822579,7.013446536565103,1.0000000029269116,,
50000,7,HPP_EN,2,4,0.4999999999875,1.0002182270616353,-0.15048030361378717,3.1785079777955803,0.999935459386179,0.005,0.001
50000,7,EN_Fixed,3,4,0.74999999998125,0.9999811315792594,-0.15050747649264928,3.1785830501040513,0.9999590765876405,,
50000,7,Ridge,3,4,0.74999999998125,0.9999860977376531,-0.1505116764802743,3.178594653687468,0.9999627269904695,,
50000,7,Lasso,1,4,0.24999999999375,0.9999912306327211,-0.15049216773752394,3.178540755594408,0.9999457710429556,,
50000,8,HPP_EN,2,4,0.4999999999875,0.9997809670052734,-0.24661767593140405,12.758319389948515,0.999472755874454,0.005,0.001
50000,8,EN_Fixed,4,4,0.999999999975,0.9999683370611805,-0.24718659363628337,12.76414189184752,0.9999288842908401,,
50000,8,Ridge,3,4,0.74999999998125,0.9999655278651544,-0.2471773744491963,12.764047539476588,0.9999214928295262,,
50000,8,Lasso,0,4,0.0,0.9999962650368548,-0.2472668278952561,12.764963037192846,0.9999932119170878,,
50000,9,HPP_EN,3,4,0.74999999998125,0.9999658126151011,-0.21381110241007062,6.678964548784144,0.9999462812116725,0.005,0.001
50000,9,EN_Fixed,3,4,0.74999999998125,0.9999844095097956,-0.21383156920353197,6.679077166791744,0.9999631419027384,,
50000,9,Ridge,4,4,0.999999999975,0.9999875786663425,-0.21383575281133416,6.679100186986683,0.9999665883888148,,
50000,9,Lasso,1,4,0.24999999999375,0.9999974133729718,-0.21386183976465634,6.679243729780185,0.9999880790078335,,
50000,10,HPP_EN,2,4,0.4999999999875,0.9999720055044146,-0.21394790611366088,8.529488959206608,0.9999048109593007,0.005,0.001
50000,10,EN_Fixed,4,4,0.999999999975,0.9999966081454862,-0.21401159212830811,8.529936432410405,0.9999572678663196,,
50000,10,Ridge,4,4,0.999999999975,0.9999969300874936,-0.21401411921655344,8.529954188338133,0.999959349378781,,
50000,10,Lasso,1,4,0.24999999999375,0.9999749441406327,-0.21396488060646868,8.529608226061688,0.9999187925123284,,
50000,11,HPP_EN,2,4,0.4999999999875,0.9999468323917002,-0.1243071544404315,5.538748679181824,0.9997933173624173,0.005,0.001
50000,11,EN_Fixed,2,4,0.4999999999875,1.0000034152859223,-0.12448988656258564,5.5396488845182645,0.9999558124189288,,
50000,11,Ridge,3,4,0.74999999998125,0.9999854649838784,-0.12449071840842141,5.53965298249541,0.9999565521401912,,
50000,11,Lasso,2,4,0.4999999999875,1.0000072130390483,-0.12444064668356436,5.539406310846279,0.9999120257172265,,
50000,12,HPP_EN,3,4,0.74999999998125,1.0000032592963422,-0.16261085741362713,1.4228746323849168,0.9999735404418308,0.005,0.001
50000,12,EN_Fixed,3,4,0.74999999998125,1.000003622501336,-0.16263041308001647,1.4228985658115207,0.9999903604713621,,
50000,12,Ridge,4,4,0.999999999975,1.0000083190401,-0.16262136810809968,1.4228874960188995,0.9999825807981094,,
50000,12,Lasso,0,4,0.0,0.9999999999210807,-0.16264162101003654,1.4229122827652252,1.0000000005270968,,
50000,13,HPP_EN,1,4,0.24999999999375,0.9999915215970326,-0.20512805210740703,4.510503538921752,0.9999673698380626,0.005,0.001
50000,13,EN_Fixed,1,4,0.24999999999375,0.9999979914040255,-0.2051577456052618,4.5106146745201,0.9999920083226611,,
50000,13,Ridge,3,4,0.74999999998125,0.9999977905104572,-0.20515381729094195,4.51059997178738,0.9999887487635367,,
50000,13,Lasso,0,4,0.0,0.9999997687183226,-0.205166268854456,4.5106465749854365,0.9999990805761566,,
50000,14,HPP_EN,3,4,0.74999999998125,0.9998937587194258,-0.17072814506610512,4.99895555879505,0.9998891542275166,0.005,0.001
50000,14,EN_Fixed,2,4,0.4999999999875,0.9999396854523828,-0.1708028606061558,4.999274590729012,0.9999529668713517,,
50000,14,Ridge,2,4,0.4999999999875,0.9999430037404287,-0.1708098427728979,4.999304404261211,0.999958930162512,,
50000,14,Lasso,2,4,0.4999999999875,0.999928576018446,-0.17075525680109926,4.9990713246617275,0.9999123096713207,,
