cond,trial,method,rec_n,rec_d,recovery_rate,rel_err,r2,mse,nmse,lambda1,lambda2
10,0,sparseho_EN,4,4,0.999999999975,0.817743985663678,0.17331210989577794,4.938041297093819,0.686267885708942,0.001060891771314228,0.00011787686347935863
10,0,HPP_sparseho,4,4,0.999999999975,0.8561963275513452,0.09381867429852375,5.412878140025702,0.7522586817857901,0.001060891771314228,0.00011787686347935863
10,0,EN_manual,4,4,0.999999999975,0.8628499279976737,0.016555243001278863,5.8743945346264095,0.8163982588543421,0.001060891771314228,0.00011787686347935863
10,0,Ridge,4,4,0.999999999975,0.8752962113276557,-0.007112206392118736,6.015766924255514,0.836045589666558,0.001060891771314228,0.00011787686347935863
10,1,sparseho_EN,4,4,0.999999999975,0.6911720116915354,0.37979377145310744,5.233208010204143,0.5211839431620616,9e-05,9.999999999999997e-06
10,1,HPP_sparseho,4,4,0.999999999975,0.730877457379844,0.3449700945574983,5.527045021970116,0.5504476628805469,9e-05,9.999999999999997e-06
10,1,EN_manual,4,4,0.999999999975,0.9072521201218867,-0.003476336905022581,8.467184240708779,0.8432610478023252,9e-05,9.999999999999997e-06
10,1,Ridge,4,4,0.999999999975,0.9014121525822899,-0.013700519050657167,8.553454370610053,0.8518528344065226,9e-05,9.999999999999997e-06
10,2,sparseho_EN,4,4,0.999999999975,0.8441045057270934,0.10377060776387836,7.445627098959287,0.750601631981175,1e-05,9e-05
10,2,HPP_sparseho,3,4,0.74999999998125,0.8907696980791829,0.10407443145498807,7.443103015362577,0.7503471764139318,1e-05,9e-05
10,2,EN_manual,4,4,0.999999999975,0.9696363588574707,-0.03891091214946929,8.63098589257898,0.8700989198722838,1e-05,9e-05
10,2,Ridge,4,4,0.999999999975,0.9832726451587872,-0.05111145021658414,8.732344604579872,0.8803170000463517,1e-05,9e-05
10,3,sparseho_EN,3,4,0.74999999998125,0.8757334846972467,0.14277201994015876,1.933634042250528,0.7124183154272261,0.0054948620669267945,0.0006105402296585326
10,3,HPP_sparseho,3,4,0.74999999998125,0.8730761402489888,0.12670713971170733,1.96987130936848,0.7257693902592615,0.0054948620669267945,0.0006105402296585326
10,3,EN_manual,3,4,0.74999999998125,0.9505475171315285,-0.04245502183773775,2.3514474149569335,0.8663553545166008,0.0054948620669267945,0.0006105402296585326
10,3,Ridge,3,4,0.74999999998125,0.9414801497702554,-0.04550847559997373,2.35833503677801,0.8688929949531335,0.0054948620669267945,0.0006105402296585326
10,4,sparseho_EN,2,4,0.4999999999875,0.8740439451509637,0.261183113427894,3.0752433856453605,0.6495004519196247,0.0003625632275461849,0.0001553842403769364
10,4,HPP_sparseho,2,4,0.4999999999875,0.9138763184799763,0.22805546303446567,3.2131335579004037,0.6786232620402718,0.0003625632275461849,0.0001553842403769364
10,4,EN_manual,1,4,0.24999999999375,0.9788677790312458,0.018843820136109413,4.0839538284118815,0.8625430655517848,0.0003625632275461849,0.0001553842403769364
10,4,Ridge,2,4,0.4999999999875,0.9746612333388254,-0.004313489996581543,4.180343564636387,0.8829008614681857,0.0003625632275461849,0.0001553842403769364
10,5,sparseho_EN,4,4,0.999999999975,0.7648511355816072,0.18650207318879142,6.678125107608788,0.6657974975297882,9e-05,9.999999999999997e-06
10,5,HPP_sparseho,4,4,0.999999999975,0.7894111244153679,0.09997993651424164,7.3883981571728885,0.7366104894013882,9e-05,9.999999999999997e-06
10,5,EN_manual,3,4,0.74999999998125,0.9288547511092072,-0.025893558367208636,8.421712341322444,0.8396301224395525,9e-05,9.999999999999997e-06
10,5,Ridge,4,4,0.999999999975,0.9236435821388801,-0.0395768100122178,8.53404018304474,0.8508290135529304,9e-05,9.999999999999997e-06
10,6,sparseho_EN,4,4,0.999999999975,0.8649036524276618,0.04360393475317548,8.282049310515307,0.7760235603188034,0.001060891771314228,0.00011787686347935863
10,6,HPP_sparseho,3,4,0.74999999998125,0.891043675459636,-0.019973068712598296,8.832603517973752,0.827610193071394,0.001060891771314228,0.00011787686347935863
10,6,EN_manual,3,4,0.74999999998125,0.9542879077132738,-0.13021765755105386,9.787282394388761,0.9170630896746667,0.001060891771314228,0.00011787686347935863
10,6,Ridge,4,4,0.999999999975,0.9581550224745542,-0.14131150157032324,9.883351132591946,0.9260646787090517,0.001060891771314228,0.00011787686347935863
10,7,sparseho_EN,4,4,0.999999999975,0.7993343566974905,0.2003898202327229,3.569478804715719,0.6627596315320751,0.06477171057010368,0.007196856730011519
10,7,HPP_sparseho,4,4,0.999999999975,0.7519371467020526,0.19841206856213167,3.578307535074331,0.6643988977665851,0.06477171057010368,0.007196856730011519
10,7,EN_manual,4,4,0.999999999975,0.8709143832051937,0.023756687228974505,4.357973299184152,0.8091626077673095,0.06477171057010368,0.007196856730011519
10,7,Ridge,4,4,0.999999999975,0.8735955065562087,0.004746278791304626,4.442836213269365,0.8249194498013759,0.06477171057010368,0.007196856730011519
10,8,sparseho_EN,4,4,0.999999999975,0.8281482800712137,0.15054498642829317,7.808394737086263,0.690040254778841,9e-05,9.999999999999997e-06
10,8,HPP_sparseho,4,4,0.999999999975,0.821835003186093,0.16880247795573255,7.640567484933351,0.6752090937356632,9e-05,9.999999999999997e-06
10,8,EN_manual,4,4,0.999999999975,0.9323088443061481,-0.08734349278869469,9.995122838579281,0.8832848930294627,9e-05,9.999999999999997e-06
10,8,Ridge,4,4,0.999999999975,0.9323648072343249,-0.09220832323582395,10.039841529802796,0.8872367548556446,9e-05,9.999999999999997e-06
10,9,sparseho_EN,4,4,0.999999999975,0.866330927303923,0.1486960923962205,2.2925512752153843,0.7061076700353552,0.06477171057010368,0.007196856730011519
10,9,HPP_sparseho,4,4,0.999999999975,0.8097467799342867,0.19616674983138915,2.1647133606160773,0.6667334876579448,0.06477171057010368,0.007196856730011519
10,9,EN_manual,4,4,0.999999999975,0.9173700508480301,-0.0033294876201515056,2.701954349979733,0.8322041523048763,0.06477171057010368,0.007196856730011519
10,9,Ridge,4,4,0.999999999975,0.9115630520542323,-0.015181919235653485,2.733872807033461,0.8420350632140396,0.06477171057010368,0.007196856730011519
10,10,sparseho_EN,4,4,0.999999999975,0.7816664774106054,0.23953635063332834,7.2623777707921295,0.6111584018206294,9e-05,9.999999999999997e-06
10,10,HPP_sparseho,4,4,0.999999999975,0.7995053662654854,0.18999631253191218,7.735481872180211,0.6509720214951658,9e-05,9.999999999999997e-06
10,10,EN_manual,3,4,0.74999999998125,0.9380124299388788,-0.0888915639884531,10.398842726669052,0.8751045872572308,9e-05,9.999999999999997e-06
10,10,Ridge,4,4,0.999999999975,0.9359416353657931,-0.0893344420016271,10.403072182528941,0.8754605130387699,9e-05,9.999999999999997e-06
10,11,sparseho_EN,3,4,0.74999999998125,0.9691381389343533,-0.11259587581658859,4.714280617139581,0.9215285732749987,0.0071968567300115215,0.06477171057010368
10,11,HPP_sparseho,3,4,0.74999999998125,0.9315207888474375,-0.001315844083600748,4.242765929662901,0.8293587826925629,0.0071968567300115215,0.06477171057010368
10,11,EN_manual,3,4,0.74999999998125,0.9729067845801355,-0.11274736881376812,4.71492252182012,0.9216540502146373,0.0071968567300115215,0.06477171057010368
10,11,Ridge,3,4,0.74999999998125,0.9669203983617012,-0.11161990688298151,4.7101452508968675,0.9207202085502172,0.0071968567300115215,0.06477171057010368
10,12,sparseho_EN,3,4,0.74999999998125,0.9694447751723209,-0.08505732388657816,7.234709091151279,0.9283771647569868,0.04913681120862194,0.11465255948678452
10,12,HPP_sparseho,3,4,0.74999999998125,0.9006844829270589,0.05159814320863476,6.323547506979891,0.8114544803074996,0.04913681120862194,0.11465255948678452
10,12,EN_manual,3,4,0.74999999998125,0.960144508937431,-0.04487987322902409,6.966822629180472,0.8940012595329023,0.04913681120862194,0.11465255948678452
10,12,Ridge,3,4,0.74999999998125,0.9531131407849254,-0.04858684416192349,6.991539163245989,0.8971729511004913,0.04913681120862194,0.11465255948678452
10,13,sparseho_EN,4,4,0.999999999975,0.7462388654232133,0.3593714057340712,3.8390536518438525,0.5265197401496479,0.0054948620669267945,0.0006105402296585326
10,13,HPP_sparseho,4,4,0.999999999975,0.6960909685130678,0.3907010951258779,3.651306243209105,0.5007704993802048,0.0054948620669267945,0.0006105402296585326
10,13,EN_manual,3,4,0.74999999998125,0.9074845558369965,0.05364665680181113,5.671150633391059,0.7777887543739961,0.0054948620669267945,0.0006105402296585326
10,13,Ridge,4,4,0.999999999975,0.8966686080288392,0.042127039283793244,5.74018350219559,0.7872564960210267,0.0054948620669267945,0.0006105402296585326
10,14,sparseho_EN,4,4,0.999999999975,0.5567453424744814,0.39107816744384194,4.411954949415723,0.513800097659076,0.012505459449358236,0.001389495494373137
10,14,HPP_sparseho,4,4,0.999999999975,0.6796087400275642,0.3506541606751451,4.704847874587557,0.5479093338780155,0.012505459449358236,0.001389495494373137
10,14,EN_manual,4,4,0.999999999975,0.8291884786154173,0.13055973767323947,6.299546285754314,0.7336220641276209,0.012505459449358236,0.001389495494373137
10,14,Ridge,4,4,0.999999999975,0.811457783146049,0.10260629593843373,6.502083490073895,0.7572088043713711,0.012505459449358236,0.001389495494373137
30,0,sparseho_EN,4,4,0.999999999975,0.9363660257285126,-0.12434144418648496,7.934270267662773,0.9661740094268088,0.0071968567300115215,0.06477171057010368
30,0,HPP_sparseho,4,4,0.999999999975,0.9307095497618472,-0.08838113621075894,7.680505004572039,0.9352724402311016,0.0071968567300115215,0.06477171057010368
30,0,EN_manual,3,4,0.74999999998125,0.9402709772305979,-0.12091938008149739,7.910121392227621,0.9632333463267096,0.0071968567300115215,0.06477171057010368
30,0,Ridge,4,4,0.999999999975,0.9351595932742313,-0.12423335499374377,7.93350750215888,0.966081125748753,0.0071968567300115215,0.06477171057010368
30,1,sparseho_EN,3,4,0.74999999998125,0.9484367033329855,0.004785941721238585,4.389968759207328,0.8512095196900218,9e-05,9.999999999999997e-06
30,1,HPP_sparseho,3,4,0.74999999998125,0.94383759327238,0.011965953287157327,4.358297154286829,0.8450684346183691,9e-05,9.999999999999997e-06
30,1,EN_manual,3,4,0.74999999998125,0.9787855063762488,-0.09782049284108307,4.842573943464155,0.9389691058356944,9e-05,9.999999999999997e-06
30,1,Ridge,3,4,0.74999999998125,0.978780632995213,-0.10405165875112221,4.870060114354686,0.9442986404190048,9e-05,9.999999999999997e-06
30,2,sparseho_EN,3,4,0.74999999998125,0.9223012265119472,-0.009999836098352866,6.98123434525449,0.8701383185811398,0.0054948620669267945,0.0006105402296585326
30,2,HPP_sparseho,4,4,0.999999999975,0.8604255758854088,-0.014721213039885495,7.013869042492115,0.8742058944821056,0.0054948620669267945,0.0006105402296585326
30,2,EN_manual,3,4,0.74999999998125,0.9810805699235549,-0.12019431880998277,7.742911208822882,0.96507342498078,0.0054948620669267945,0.0006105402296585326
30,2,Ridge,4,4,0.999999999975,0.9553245187561337,-0.11838010482744243,7.730371154347746,0.9635104374951461,0.0054948620669267945,0.0006105402296585326
30,3,sparseho_EN,3,4,0.74999999998125,0.9438006088811451,0.021551176427875074,4.750934226032417,0.8316767365054704,0.00020482613334673098,2.2758459260747882e-05
30,3,HPP_sparseho,2,4,0.4999999999875,0.9818708110310767,-0.11061268174874028,5.392666100126179,0.9440153725222338,0.00020482613334673098,2.2758459260747882e-05
30,3,EN_manual,3,4,0.74999999998125,0.9925423893982207,-0.14813340388746754,5.574850879442019,0.9759078036723285,0.00020482613334673098,2.2758459260747882e-05
30,3,Ridge,4,4,0.999999999975,0.99106205881338,-0.15346623499861356,5.6007448549236365,0.980440684154172,0.00020482613334673098,2.2758459260747882e-05
30,4,sparseho_EN,4,4,0.999999999975,0.9665038411908179,-0.11242348669733992,7.816810146144759,0.9224101599788832,0.0006105402296585328,0.0054948620669267945
30,4,HPP_sparseho,3,4,0.74999999998125,0.9523199342366673,-0.08344213501236397,7.613163129869792,0.8983791200342761,0.0006105402296585328,0.0054948620669267945
30,4,EN_manual,3,4,0.74999999998125,0.9737904580531733,-0.14623551351950437,8.054401492862812,0.9504467462638765,0.0006105402296585328,0.0054948620669267945
30,4,Ridge,3,4,0.74999999998125,0.9757204382920808,-0.14940942991257766,8.076704062128092,0.9530785252247704,0.0006105402296585328,0.0054948620669267945
30,5,sparseho_EN,3,4,0.74999999998125,0.9552376734005429,-0.06246198957232463,6.62013610643501,0.877750448319947,0.06477171057010368,0.007196856730011519
30,5,HPP_sparseho,2,4,0.4999999999875,0.9602905293926883,-0.05290818150375021,6.560606908807733,0.8698575924835423,0.06477171057010368,0.007196856730011519
30,5,EN_manual,4,4,0.999999999975,0.982177099870297,-0.13882098633511442,7.0959243760219355,0.9408342520697446,0.06477171057010368,0.007196856730011519
30,5,Ridge,4,4,0.999999999975,0.9842363734129815,-0.1474589286168353,7.149746869575367,0.947970467562399,0.06477171057010368,0.007196856730011519
30,6,sparseho_EN,3,4,0.74999999998125,0.9503688616223694,-0.05053718593185974,6.620588891109614,0.8776271064036893,0.022135943621178652,0.00948683298050514
30,6,HPP_sparseho,4,4,0.999999999975,0.9737059286042249,-0.07362548598434548,6.766093633720416,0.8969152555888791,0.022135943621178652,0.00948683298050514
30,6,EN_manual,3,4,0.74999999998125,0.9675748279808551,-0.10088076327221329,6.937859077583414,0.9196845306423499,0.022135943621178652,0.00948683298050514
30,6,Ridge,3,4,0.74999999998125,0.9780610220427511,-0.11288574732777246,7.013515670363309,0.9297135896420626,0.022135943621178652,0.00948683298050514
30,7,sparseho_EN,3,4,0.74999999998125,0.945554910247282,0.0008482546287794657,4.186732639397063,0.8466784812126928,9e-05,9.999999999999997e-06
30,7,HPP_sparseho,3,4,0.74999999998125,0.937525201549148,-0.022027563843551867,4.282588885752764,0.8660633877900762,9e-05,9.999999999999997e-06
30,7,EN_manual,3,4,0.74999999998125,1.0147461839985845,-0.13933498974748182,4.774140675709516,0.965469382584599,9e-05,9.999999999999997e-06
30,7,Ridge,4,4,0.999999999975,1.0097470034427893,-0.14007514217601158,4.7772421268604655,0.9660965857466379,9e-05,9.999999999999997e-06
30,8,sparseho_EN,4,4,0.999999999975,0.9374693447219387,-0.1184524972355967,4.276939821500413,0.940823714543632,0.0013894954943731374,0.012505459449358236
30,8,HPP_sparseho,4,4,0.999999999975,0.9176914229752152,-0.036622425255872226,3.9640232744755224,0.8719896134337302,0.0013894954943731374,0.012505459449358236
30,8,EN_manual,2,4,0.4999999999875,0.9914543847809447,-0.16426072307222395,4.452109554428003,0.9793568353465184,0.0013894954943731374,0.012505459449358236
30,8,Ridge,4,4,0.999999999975,0.9717871499143473,-0.1524045630959472,4.406771837486113,0.9693836299607965,0.0013894954943731374,0.012505459449358236
30,9,sparseho_EN,3,4,0.74999999998125,0.9324514272977034,-0.04251713241155053,7.8148637562594745,0.8582585911460565,6.827537778224366e-05,0.0001593092148252352
30,9,HPP_sparseho,3,4,0.74999999998125,0.9187203777000226,0.008292237969124816,7.433989145453026,0.8164294669195188,6.827537778224366e-05,0.0001593092148252352
30,9,EN_manual,3,4,0.74999999998125,0.976443420140192,-0.1505188276858882,8.62446055594143,0.9471716458534841,6.827537778224366e-05,0.0001593092148252352
30,9,Ridge,3,4,0.74999999998125,0.9738080789481581,-0.1476382617431271,8.602867404439426,0.9448002023626528,6.827537778224366e-05,0.0001593092148252352
30,10,sparseho_EN,4,4,0.999999999975,0.9450446872314086,-0.09752585442127026,11.316167323865447,0.8948799395322756,0.00020482613334673098,2.2758459260747882e-05
30,10,HPP_sparseho,4,4,0.999999999975,0.9361480044066838,-0.07956299017058455,11.130959133408897,0.8802337179332806,0.00020482613334673098,2.2758459260747882e-05
30,10,EN_manual,2,4,0.4999999999875,0.993960908810662,-0.20882661458698415,12.4637466908889,0.9856302550038962,0.00020482613334673098,2.2758459260747882e-05
30,10,Ridge,4,4,0.999999999975,0.9891033177215105,-0.20112238329885335,12.384311322685916,0.9793485241439881,0.00020482613334673098,2.2758459260747882e-05
30,11,sparseho_EN,4,4,0.999999999975,0.934358460931661,-0.07247655645699469,6.398593396880911,0.8793991348342721,9e-05,9.999999999999997e-06
30,11,HPP_sparseho,4,4,0.999999999975,0.9427122859427207,-0.09247485443878345,6.517906939582358,0.8957971491661112,9e-05,9.999999999999997e-06
30,11,EN_manual,3,4,0.74999999998125,0.9789662565773283,-0.1823457604969152,7.054093378915799,0.9694886406569672,9e-05,9.999999999999997e-06
30,11,Ridge,4,4,0.999999999975,0.975748853514745,-0.17248297957355274,6.995250204665359,0.9614014512831333,9e-05,9.999999999999997e-06
30,12,sparseho_EN,1,4,0.24999999999375,0.9842134150922779,-0.09487246119195047,5.711498842332469,0.9202747690437199,0.14741043362586584,0.016378937069540644
30,12,HPP_sparseho,3,4,0.74999999998125,0.9300299187011282,0.06478173613269023,4.878648628709881,0.7860803904493023,0.14741043362586584,0.016378937069540644
30,12,EN_manual,1,4,0.24999999999375,0.989581636903941,-0.11509764891679608,5.817005319452786,0.9372746759936902,0.14741043362586584,0.016378937069540644
30,12,Ridge,3,4,0.74999999998125,0.9929909682159621,-0.12036880259584715,5.844502757924186,0.9417052465912021,0.14741043362586584,0.016378937069540644
30,13,sparseho_EN,3,4,0.74999999998125,0.9655452221562938,-0.09803326062994966,6.745178980880335,0.9224031823557088,0.00020482613334673098,2.2758459260747882e-05
30,13,HPP_sparseho,4,4,0.999999999975,0.9827156867724613,-0.12600904709287586,6.917033234835327,0.9459042504813706,0.00020482613334673098,2.2758459260747882e-05
30,13,EN_manual,3,4,0.74999999998125,1.0000238099335947,-0.17821944670828205,7.237759849134022,0.9897636129288112,0.00020482613334673098,2.2758459260747882e-05
30,13,Ridge,4,4,0.999999999975,0.9965483520469904,-0.1747317991387387,7.21633535506605,0.9868338135024838,0.00020482613334673098,2.2758459260747882e-05
30,14,sparseho_EN,4,4,0.999999999975,0.9671822572025991,-0.1603978048384478,6.76763538460572,0.9577608816270948,0.0013894954943731374,0.012505459449358236
30,14,HPP_sparseho,4,4,0.999999999975,0.9490267460416539,-0.14235850793775207,6.662427167639511,0.9428717351365528,0.0013894954943731374,0.012505459449358236
30,14,EN_manual,2,4,0.4999999999875,0.9883245799431859,-0.1851090649846432,6.911755614639136,0.9781568856569642,0.0013894954943731374,0.012505459449358236
30,14,Ridge,4,4,0.999999999975,0.9803220097577532,-0.1774694033259585,6.867199821486006,0.9718513160884549,0.0013894954943731374,0.012505459449358236
100,0,sparseho_EN,4,4,0.999999999975,0.9849150207699237,-0.20184583295087544,3.9535798236562854,0.9813968280552532,0.0006105402296585328,0.0054948620669267945
100,0,HPP_sparseho,4,4,0.999999999975,0.9829797505215098,-0.1972813347031641,3.9385644966630076,0.977669574543071,0.0006105402296585328,0.0054948620669267945
100,0,EN_manual,2,4,0.4999999999875,0.988754370158561,-0.2097114662454722,3.979454530911744,0.9878197047290523,0.0006105402296585328,0.0054948620669267945
100,0,Ridge,4,4,0.999999999975,0.9885336417226652,-0.20746173729270678,3.972053845439041,0.9859826331199534,0.0006105402296585328,0.0054948620669267945
100,1,sparseho_EN,4,4,0.999999999975,0.9760590058005516,-0.17921323756034613,9.276969969046249,0.9605795398891993,0.0006105402296585328,0.0054948620669267945
100,1,HPP_sparseho,4,4,0.999999999975,0.969943209925112,-0.1661939620997428,9.174546231235576,0.9499741216041142,0.0006105402296585328,0.0054948620669267945
100,1,EN_manual,4,4,0.999999999975,0.9853086635028871,-0.19499725116948086,9.401144134989215,0.9734370961371562,0.0006105402296585328,0.0054948620669267945
100,1,Ridge,4,4,0.999999999975,0.985103465054336,-0.196025004797026,9.409229559435467,0.974274297650183,0.0006105402296585328,0.0054948620669267945
100,2,sparseho_EN,3,4,0.74999999998125,0.9594187788089975,-0.08051776638795216,6.662944911760261,0.9499734122049861,0.0054948620669267945,0.0006105402296585326
100,2,HPP_sparseho,2,4,0.4999999999875,0.9880498190565619,-0.0825133812978176,6.67525074570686,0.9517279239440289,0.0054948620669267945,0.0006105402296585326
100,2,EN_manual,3,4,0.74999999998125,1.008615571917467,-0.1222114558885139,6.920046428229483,0.9866298168605694,0.0054948620669267945,0.0006105402296585326
100,2,Ridge,4,4,0.999999999975,1.0148442105548692,-0.12331567198214288,6.926855507387084,0.9876006254515128,0.0054948620669267945,0.0006105402296585326
100,3,sparseho_EN,2,4,0.4999999999875,0.9941191496600597,-0.16505383229162973,10.346307435412351,0.9815530041722309,0.02846049894151541,0.0031622776601683785
100,3,HPP_sparseho,3,4,0.74999999998125,0.9852800702410305,-0.1523084705515083,10.23312173764982,0.9708150899587127,0.02846049894151541,0.0031622776601683785
100,3,EN_manual,2,4,0.4999999999875,0.9952224040314078,-0.170979668970467,10.398932066473986,0.9865454969078719,0.02846049894151541,0.0031622776601683785
100,3,Ridge,4,4,0.999999999975,0.9894927667009311,-0.17000836899530758,10.390306397962824,0.9857271807218336,0.02846049894151541,0.0031622776601683785
100,4,sparseho_EN,4,4,0.999999999975,0.9611925168701576,-0.12293979748939421,8.180991621429502,0.9449019666836811,0.06477171057010368,0.007196856730011519
100,4,HPP_sparseho,4,4,0.999999999975,0.957524649630013,-0.11570695032792289,8.128297913218812,0.9388158599103024,0.06477171057010368,0.007196856730011519
100,4,EN_manual,4,4,0.999999999975,0.9724687899457887,-0.14652701597407192,8.352832389053376,0.9647495214542922,0.06477171057010368,0.007196856730011519
100,4,Ridge,4,4,0.999999999975,0.9730488011100114,-0.1497282254533301,8.376154269698095,0.9674431913549228,0.06477171057010368,0.007196856730011519
100,5,sparseho_EN,4,4,0.999999999975,0.9612863207756376,-0.09989533451234123,5.839065610450184,0.946027435641839,0.0001593092148252352,6.827537778224367e-05
100,5,HPP_sparseho,3,4,0.74999999998125,0.9950801388299597,-0.12331829846736064,5.963412190559287,0.9661736857714686,0.0001593092148252352,6.827537778224367e-05
100,5,EN_manual,4,4,0.999999999975,1.0011285889159987,-0.14650930948645136,6.086527391309896,0.9861204316080252,0.0001593092148252352,6.827537778224367e-05
100,5,Ridge,4,4,0.999999999975,1.0035206878091316,-0.14734252106827372,6.090950700456675,0.9868370825395868,0.0001593092148252352,6.827537778224367e-05
100,6,sparseho_EN,3,4,0.74999999998125,0.986663033881344,-0.140987008246235,8.02876562180062,0.9661951699581673,0.02846049894151541,0.0031622776601683785
100,6,HPP_sparseho,4,4,0.999999999975,0.967511725337764,-0.13535804783990324,7.98915640322915,0.9614285299200455,0.02846049894151541,0.0031622776601683785
100,6,EN_manual,3,4,0.74999999998125,0.9934292478710467,-0.16465574465756183,8.195315052983723,0.9862380088637457,0.02846049894151541,0.0031622776601683785
100,6,Ridge,4,4,0.999999999975,0.9903088699864591,-0.16463321035630973,8.195156486214866,0.986218926671862,0.02846049894151541,0.0031622776601683785
100,7,sparseho_EN,2,4,0.4999999999875,0.9864589808244979,-0.17708225284911006,10.031182015422923,0.9602583790984963,0.0054948620669267945,0.0006105402296585326
100,7,HPP_sparseho,2,4,0.4999999999875,0.9894581523900465,-0.18754326597397086,10.120331542966312,0.9687924263009688,0.0054948620669267945,0.0006105402296585326
100,7,EN_manual,3,4,0.74999999998125,0.9942404231118742,-0.20831507566451846,10.297350441425838,0.98573797471622,0.0054948620669267945,0.0006105402296585326
100,7,Ridge,4,4,0.999999999975,0.9951745079521647,-0.2092904121390582,10.305662330997453,0.9865336498016699,0.0054948620669267945,0.0006105402296585326
100,8,sparseho_EN,2,4,0.4999999999875,0.9885684115171578,-0.1179839519729291,8.306047709391473,0.9569660813451971,0.02846049894151541,0.0031622776601683785
100,8,HPP_sparseho,2,4,0.4999999999875,0.9914395657775454,-0.11713484610573532,8.29973928803105,0.9562392681266874,0.02846049894151541,0.0031622776601683785
100,8,EN_manual,3,4,0.74999999998125,0.9967682736602734,-0.14649358402301393,8.5178596621188,0.9813696077244592,0.02846049894151541,0.0031622776601683785
100,8,Ridge,4,4,0.999999999975,1.0009466658430923,-0.1498297796912349,8.542645885873808,0.9842253071194141,0.02846049894151541,0.0031622776601683785
100,9,sparseho_EN,1,4,0.24999999999375,0.9875000233472115,-0.08557086265729685,6.28728001027295,0.9362048725896105,0.02846049894151541,0.0031622776601683785
100,9,HPP_sparseho,1,4,0.24999999999375,0.9821998414374175,-0.09817512752320545,6.360279890116474,0.9470748900051377,0.02846049894151541,0.0031622776601683785
100,9,EN_manual,2,4,0.4999999999875,0.9870553244674233,-0.12276108016921472,6.502673881998669,0.9682780094478503,0.02846049894151541,0.0031622776601683785
100,9,Ridge,4,4,0.999999999975,0.9856397521582954,-0.1270482139502842,6.527503592752976,0.9719752674282791,0.02846049894151541,0.0031622776601683785
100,10,sparseho_EN,4,4,0.999999999975,0.9398276983525745,-0.05727963991762386,5.9531690755358095,0.9264454182679027,0.012505459449358236,0.001389495494373137
100,10,HPP_sparseho,4,4,0.999999999975,0.9460556981219679,-0.059783189683846105,5.967265682038608,0.9286391635390242,0.012505459449358236,0.001389495494373137
100,10,EN_manual,3,4,0.74999999998125,0.9755763920232342,-0.11559595362477415,6.281527687820921,0.9775453161610207,0.012505459449358236,0.001389495494373137
100,10,Ridge,4,4,0.999999999975,0.9716444440648513,-0.11703176993147224,6.2896122634738205,0.9788034558135713,0.012505459449358236,0.001389495494373137
100,11,sparseho_EN,4,4,0.999999999975,0.9754824306375164,-0.18449361241723206,1.2373499142463456,0.9524420393968425,3e-05,7e-05
100,11,HPP_sparseho,4,4,0.999999999975,0.9688411568953924,-0.1782924399353485,1.2308720234766124,0.947455725158099,3e-05,7e-05
100,11,EN_manual,4,4,0.999999999975,0.9888568579064604,-0.21883980600804498,1.273228756689027,0.9800595447393952,3e-05,7e-05
100,11,Ridge,4,4,0.999999999975,0.9871622291247155,-0.21583233632763954,1.2700870830555542,0.9776412619172666,3e-05,7e-05
100,12,sparseho_EN,3,4,0.74999999998125,0.9792871827182235,-0.1311266914953475,7.384843154868737,0.9502996164654394,0.0054948620669267945,0.0006105402296585326
100,12,HPP_sparseho,3,4,0.74999999998125,0.97510979565872,-0.12567011625730462,7.349218540403653,0.9457153542471445,0.0054948620669267945,0.0006105402296585326
100,12,EN_manual,4,4,0.999999999975,0.989295721571376,-0.17349226647302496,7.661437393806176,0.9858924372832392,0.0054948620669267945,0.0006105402296585326
100,12,Ridge,4,4,0.999999999975,0.9868766169812849,-0.17194924399876443,7.651363386144146,0.9845960894236119,0.0054948620669267945,0.0006105402296585326
100,13,sparseho_EN,3,4,0.74999999998125,0.979941536835363,-0.18481418746589817,8.199126378816969,0.9552037845429937,0.02846049894151541,0.0031622776601683785
100,13,HPP_sparseho,3,4,0.74999999998125,0.980592004705582,-0.18821975273166336,8.222693500396632,0.9579493701924403,0.02846049894151541,0.0031622776601683785
100,13,EN_manual,3,4,0.74999999998125,0.9858426352939682,-0.19895219066384806,8.296963893079049,0.9666019213170366,0.02846049894151541,0.0031622776601683785
100,13,Ridge,3,4,0.74999999998125,0.9865874142384374,-0.20141886364621353,8.314033711900922,0.968590566788125,0.02846049894151541,0.0031622776601683785
100,14,sparseho_EN,2,4,0.4999999999875,0.9871794361371977,-0.19302200890601262,13.3415544938513,0.9735590215701994,0.012505459449358236,0.001389495494373137
100,14,HPP_sparseho,2,4,0.4999999999875,0.9845664929150181,-0.1898220356795235,13.305769221776378,0.9709477010914696,0.012505459449358236,0.001389495494373137
100,14,EN_manual,3,4,0.74999999998125,0.9933315217611332,-0.2123979287197293,13.558235232457488,0.9893706339252492,0.012505459449358236,0.001389495494373137
100,14,Ridge,4,4,0.999999999975,0.9930728811845035,-0.21171364889540434,13.550582937280094,0.9888122311537353,0.012505459449358236,0.001389495494373137
300,0,sparseho_EN,4,4,0.999999999975,1.001323993390905,-0.18482527579651165,3.1629838640098926,0.9915146391383263,0.0054948620669267945,0.0006105402296585326
300,0,HPP_sparseho,4,4,0.999999999975,1.0001375974151383,-0.18508730404450113,3.1636833689387935,0.9917339160638415,0.0054948620669267945,0.0006105402296585326
300,0,EN_manual,4,4,0.999999999975,1.0000353188026372,-0.18959651199037397,3.1757210526915083,0.9955074224032013,0.0054948620669267945,0.0006105402296585326
300,0,Ridge,4,4,0.999999999975,0.9999382660235845,-0.18888647930727953,3.1738255648373705,0.9949132353834472,0.0054948620669267945,0.0006105402296585326
300,1,sparseho_EN,2,4,0.4999999999875,0.9957979703311405,-0.1536229099217663,4.774191492256038,0.9877715509455727,0.02846049894151541,0.0031622776601683785
300,1,HPP_sparseho,2,4,0.4999999999875,0.9777180380097872,-0.15511272383145758,4.780356987784533,0.9890471807753372,0.02846049894151541,0.0031622776601683785
300,1,EN_manual,2,4,0.4999999999875,0.9980418900019274,-0.1606426026587584,4.803242022593955,0.993782052923598,0.02846049894151541,0.0031622776601683785
300,1,Ridge,3,4,0.74999999998125,0.9960134186214898,-0.16170581771009496,4.807642067191607,0.9946924141614122,0.02846049894151541,0.0031622776601683785
300,2,sparseho_EN,1,4,0.24999999999375,0.9989085147827504,-0.18322888454470876,3.8623162593498295,0.9958726072869413,0.0018778870566958088,0.0008048087385839183
300,2,HPP_sparseho,3,4,0.74999999998125,0.9981935600288065,-0.18142997024698815,3.8564442120798406,0.9943585388802644,0.0018778870566958088,0.0008048087385839183
300,2,EN_manual,2,4,0.4999999999875,0.99876699728911,-0.18275854629693766,3.860780973078941,0.9954767439140702,0.0018778870566958088,0.0008048087385839183
300,2,Ridge,3,4,0.74999999998125,0.9984807774331083,-0.18280954720889597,3.8609474511408535,0.995519669177161,0.0018778870566958088,0.0008048087385839183
300,3,sparseho_EN,2,4,0.4999999999875,0.9954884459307781,-0.13872119619152423,5.687354464165649,0.9804096784305993,0.012505459449358236,0.001389495494373137
300,3,HPP_sparseho,2,4,0.4999999999875,0.9964368223104106,-0.14353780116169368,5.711411046119893,0.9845566514962845,0.012505459449358236,0.001389495494373137
300,3,EN_manual,4,4,0.999999999975,1.0016687127046167,-0.15278378506555979,5.757590205695677,0.9925172059641221,0.012505459449358236,0.001389495494373137
300,3,Ridge,4,4,0.999999999975,1.0022647213525337,-0.15433506311041056,5.765338079488711,0.9938528164842346,0.012505459449358236,0.001389495494373137
300,4,sparseho_EN,2,4,0.4999999999875,0.997474232763427,-0.24079597518070073,13.307334577379283,0.9949972659736545,0.02846049894151541,0.0031622776601683785
300,4,HPP_sparseho,3,4,0.74999999998125,0.9956987687283106,-0.23732443638049694,13.270102889626637,0.9922134306904836,0.02846049894151541,0.0031622776601683785
300,4,EN_manual,2,4,0.4999999999875,0.9980478281078073,-0.24238301355382008,13.324355305235176,0.9962699158482795,0.02846049894151541,0.0031622776601683785
300,4,Ridge,4,4,0.999999999975,0.9977677298633052,-0.24190729762783314,13.319253329473227,0.9958884381072124,0.02846049894151541,0.0031622776601683785
300,5,sparseho_EN,3,4,0.74999999998125,0.9929805690664619,-0.16671144498977863,5.21997103904612,0.9912208980786734,0.0013894954943731374,0.012505459449358236
300,5,HPP_sparseho,3,4,0.74999999998125,0.9919907707017022,-0.16413778814477875,5.208456268831914,0.9890343570447254,0.0013894954943731374,0.012505459449358236
300,5,EN_manual,3,4,0.74999999998125,0.994961463643021,-0.16926244719141015,5.231384450365811,0.9933881920605406,0.0013894954943731374,0.012505459449358236
300,5,Ridge,3,4,0.74999999998125,0.9955690000268427,-0.17011980777982427,5.235220358088119,0.9941165930169851,0.0013894954943731374,0.012505459449358236
300,6,sparseho_EN,3,4,0.74999999998125,0.9909507229333241,-0.20073576238562185,9.184750337365418,0.9789793730377696,1e-05,9e-05
300,6,HPP_sparseho,2,4,0.4999999999875,0.9965907104521918,-0.21379964892033043,9.284679514138311,0.9896305719524882,1e-05,9e-05
300,6,EN_manual,2,4,0.4999999999875,0.9984729757966003,-0.22167271694203805,9.34490272596704,0.9960496122086572,1e-05,9e-05
300,6,Ridge,2,4,0.4999999999875,0.9986318389901596,-0.2220071712675149,9.347461056929594,0.9963222982534324,1e-05,9e-05
300,7,sparseho_EN,2,4,0.4999999999875,0.9955828611015809,-0.2305518730352789,5.655332335177919,0.9895489052547936,0.022135943621178652,0.00948683298050514
300,7,HPP_sparseho,2,4,0.4999999999875,0.9931979957479561,-0.2224226889447174,5.617972481722437,0.9830118177953369,0.022135943621178652,0.00948683298050514
300,7,EN_manual,2,4,0.4999999999875,0.997807714667583,-0.2370246424872262,5.685079689338177,0.9947539860526816,0.022135943621178652,0.00948683298050514
300,7,Ridge,4,4,0.999999999975,0.997680520727874,-0.2371250346061351,5.685541068341129,0.9948347164254024,0.022135943621178652,0.00948683298050514
300,8,sparseho_EN,2,4,0.4999999999875,0.9942660447279752,-0.17286834005686602,9.377903747413876,0.9812941365976149,0.012505459449358236,0.001389495494373137
300,8,HPP_sparseho,2,4,0.4999999999875,0.9942083284381595,-0.17263618597935904,9.376047512984934,0.9810999021492421,0.012505459449358236,0.001389495494373137
300,8,EN_manual,2,4,0.4999999999875,0.997730479469517,-0.18631593317523687,9.485426671847453,0.9925452240621874,0.012505459449358236,0.001389495494373137
300,8,Ridge,2,4,0.4999999999875,0.9978816674839615,-0.1866247129559846,9.48789558243537,0.9928035683093627,0.012505459449358236,0.001389495494373137
300,9,sparseho_EN,2,4,0.4999999999875,0.9982539972047801,-0.18910510365977262,9.305879574207742,0.9944428972989481,0.0013894954943731374,0.012505459449358236
300,9,HPP_sparseho,2,4,0.4999999999875,0.9974833413712805,-0.1843974643985924,9.2690378148809,0.9905059211545201,0.0013894954943731374,0.012505459449358236
300,9,EN_manual,2,4,0.4999999999875,0.9984571662560784,-0.1912983252393543,9.32304362121782,0.9962770779910544,0.0013894954943731374,0.012505459449358236
300,9,Ridge,2,4,0.4999999999875,0.9988801372447782,-0.19137295514026675,9.323627671247031,0.9963394906193916,0.0013894954943731374,0.012505459449358236
300,10,sparseho_EN,4,4,0.999999999975,0.9810960478987288,-0.16270392466296668,9.247313017311251,0.9607215581752531,9e-05,9.999999999999997e-06
300,10,HPP_sparseho,2,4,0.4999999999875,0.9954253185364065,-0.1981973374338153,9.529602163311862,0.9900491334064552,9e-05,9.999999999999997e-06
300,10,EN_manual,2,4,0.4999999999875,0.9986515151674197,-0.2086012109641926,9.612347110746185,0.9986456689277914,9e-05,9.999999999999997e-06
300,10,Ridge,3,4,0.74999999998125,0.9985996483977555,-0.20793180972652436,9.607023173458636,0.9980925545996675,9e-05,9.999999999999997e-06
300,11,sparseho_EN,4,4,0.999999999975,0.9969869761671283,-0.22689821760910478,13.339342143012502,0.9939177516569606,0.0031622776601683794,0.02846049894151541
300,11,HPP_sparseho,3,4,0.74999999998125,0.9939745896489098,-0.2186484155027444,13.249646900710056,0.9872345365022858,0.0031622776601683794,0.02846049894151541
300,11,EN_manual,3,4,0.74999999998125,0.9981521755564009,-0.23010247779520498,13.374180177923757,0.9965135424358393,0.0031622776601683794,0.02846049894151541
300,11,Ridge,4,4,0.999999999975,0.9978216039085042,-0.2292901628160453,13.365348355300345,0.9958554811018707,0.0031622776601683794,0.02846049894151541
300,12,sparseho_EN,2,4,0.4999999999875,0.9980691596374686,-0.11108996877308797,4.828430248442636,0.9961102577078188,0.00972646846061196,0.004168486483119412
300,12,HPP_sparseho,3,4,0.74999999998125,1.0009179353504036,-0.11223835117318792,4.833420739287896,0.99713980123774,0.00972646846061196,0.004168486483119412
300,12,EN_manual,3,4,0.74999999998125,1.00040923851111,-0.11333119250946422,4.838169867003135,0.9981195512991269,0.00972646846061196,0.004168486483119412
300,12,Ridge,4,4,0.999999999975,1.0009098491857316,-0.11300337895712786,4.836745297511523,0.9978256611090657,0.00972646846061196,0.004168486483119412
300,13,sparseho_EN,1,4,0.24999999999375,0.9990153417718073,-0.14143432608835038,2.9693010434899345,0.993639110946738,0.14741043362586584,0.016378937069540644
300,13,HPP_sparseho,1,4,0.24999999999375,0.9977557458616859,-0.13330889560294823,2.9481637352211427,0.9865657775634297,0.14741043362586584,0.016378937069540644
300,13,EN_manual,2,4,0.4999999999875,0.9988191124331818,-0.14307000292739214,2.97355605565662,0.9950629970547642,0.14741043362586584,0.016378937069540644
300,13,Ridge,2,4,0.4999999999875,0.9987021431027113,-0.14347648390306755,2.9746134659321357,0.9954168460551451,0.14741043362586584,0.016378937069540644
300,14,sparseho_EN,3,4,0.74999999998125,0.9895016315938641,-0.11454175022087298,1.1507182353059693,0.9647948359201322,0.0054948620669267945,0.0006105402296585326
300,14,HPP_sparseho,2,4,0.4999999999875,0.9921582276427008,-0.12136172912248111,1.1577595812985506,0.9706985002952456,0.0054948620669267945,0.0006105402296585326
300,14,EN_manual,2,4,0.4999999999875,0.9955218776860834,-0.14106568840917943,1.1781031038758223,0.9877550871509824,0.0054948620669267945,0.0006105402296585326
300,14,Ridge,3,4,0.74999999998125,0.9959742305324164,-0.14228556372545142,1.1793625746591787,0.9888110632105356,0.0054948620669267945,0.0006105402296585326
500,0,sparseho_EN,2,4,0.4999999999875,0.997674912653375,-0.1736227858594721,7.00525504729206,0.9918562643862209,0.0054948620669267945,0.0006105402296585326
500,0,HPP_sparseho,2,4,0.4999999999875,0.9979478610962732,-0.17622705794091975,7.020799726862782,0.994057196073363,0.0054948620669267945,0.0006105402296585326
500,0,EN_manual,3,4,0.74999999998125,0.9991597641777593,-0.1816903563609833,7.053409692597202,0.9986743582718483,0.0054948620669267945,0.0006105402296585326
500,0,Ridge,3,4,0.74999999998125,0.9989522854040889,-0.18120036310356902,7.050484964327611,0.9982602534268086,0.0054948620669267945,0.0006105402296585326
500,1,sparseho_EN,2,4,0.4999999999875,0.9942645769049071,-0.22287343231641743,6.061862153478233,0.9857552439381618,9e-05,9.999999999999997e-06
500,1,HPP_sparseho,3,4,0.74999999998125,0.9987830511586858,-0.23697638134922538,6.131771377716159,0.9971235962113395,9e-05,9.999999999999997e-06
500,1,EN_manual,2,4,0.4999999999875,0.9994394757338982,-0.23895269300697786,6.141568081549126,0.9987166961420456,9e-05,9.999999999999997e-06
500,1,Ridge,2,4,0.4999999999875,0.9994177683688846,-0.23888275566043915,6.1412213976300105,0.998660319820281,9e-05,9.999999999999997e-06
500,2,sparseho_EN,2,4,0.4999999999875,0.9990718962222996,-0.1190735520730084,4.014432606653964,0.9916073507870088,9e-05,9.999999999999997e-06
500,2,HPP_sparseho,2,4,0.4999999999875,0.995567540020042,-0.1266161404969699,4.0414899996659175,0.9982908132916014,9e-05,9.999999999999997e-06
500,2,EN_manual,2,4,0.4999999999875,0.9958780437841952,-0.1275422729645599,4.044812298159244,0.9991114561894373,9e-05,9.999999999999997e-06
500,2,Ridge,2,4,0.4999999999875,0.9954342865818808,-0.12778622694097552,4.045687429910532,0.9993276229961852,9e-05,9.999999999999997e-06
500,3,sparseho_EN,1,4,0.24999999999375,0.9952146903749541,-0.15242277304436858,5.309213656632565,0.9758030849995074,0.012505459449358236,0.001389495494373137
500,3,HPP_sparseho,2,4,0.4999999999875,0.994574167509026,-0.15529419959255542,5.322442323576882,0.9782344382750664,0.012505459449358236,0.001389495494373137
500,3,EN_manual,2,4,0.4999999999875,0.9973412863507143,-0.16922095515028546,5.3866029098904935,0.9900267868429161,0.012505459449358236,0.001389495494373137
500,3,Ridge,2,4,0.4999999999875,0.9972515463997691,-0.17055902739635997,5.392767410982096,0.9911597868635791,0.012505459449358236,0.001389495494373137
500,4,sparseho_EN,3,4,0.74999999998125,0.9972751595100915,-0.1777683464359756,4.696479033567132,0.9951370849829065,0.0006105402296585328,0.0054948620669267945
500,4,HPP_sparseho,3,4,0.74999999998125,0.9977813847402147,-0.17876320172752957,4.700446126953837,0.9959776725210355,0.0006105402296585328,0.0054948620669267945
500,4,EN_manual,3,4,0.74999999998125,0.9978199036251855,-0.1786665036132049,4.700060532734154,0.9958959689501223,0.0006105402296585328,0.0054948620669267945
500,4,Ridge,4,4,0.999999999975,0.9977302216173687,-0.17883687941580284,4.700739924727622,0.9960399253402408,0.0006105402296585328,0.0054948620669267945
500,5,sparseho_EN,2,4,0.4999999999875,0.9977461668878481,-0.17940311530072162,6.018932254067964,0.9914794076653118,0.06477171057010368,0.007196856730011519
500,5,HPP_sparseho,3,4,0.74999999998125,0.999195975740075,-0.18443323313297766,6.0446028140907,0.9957080366930895,0.06477171057010368,0.007196856730011519
500,5,EN_manual,4,4,0.999999999975,0.998974597722802,-0.18467710837624618,6.045847400058497,0.9959130533482121,0.06477171057010368,0.007196856730011519
500,5,Ridge,4,4,0.999999999975,0.9992656295599265,-0.18570275666201508,6.051081664296445,0.9967752769099905,0.06477171057010368,0.007196856730011519
500,6,sparseho_EN,4,4,0.999999999975,1.0000262270219498,-0.18096692161538352,8.517527993887704,0.9955046423228812,0.009486832980505138,0.022135943621178652
500,6,HPP_sparseho,4,4,0.999999999975,0.997760827907214,-0.17563851899321214,8.479097773983685,0.9910130266396227,0.009486832980505138,0.022135943621178652
500,6,EN_manual,4,4,0.999999999975,1.0005625143356707,-0.1828266908352707,8.530941270841213,0.9970723482917446,0.009486832980505138,0.022135943621178652
500,6,Ridge,4,4,0.999999999975,1.0001449596968284,-0.18255989566928155,8.529017054969156,0.9968474513692057,0.009486832980505138,0.022135943621178652
500,7,sparseho_EN,3,4,0.74999999998125,0.9953480591419601,-0.1722152326142965,10.044415320663404,0.9892823667446046,0.06477171057010368,0.007196856730011519
500,7,HPP_sparseho,4,4,0.999999999975,0.9807454499376939,-0.17287764795438454,10.050091389874503,0.9898414072664964,0.06477171057010368,0.007196856730011519
500,7,EN_manual,4,4,0.999999999975,0.9915261083312891,-0.17592108658679373,10.076169844390652,0.992409894767377,0.06477171057010368,0.007196856730011519
500,7,Ridge,4,4,0.999999999975,0.98982043848397,-0.1763263983533243,10.079642858223021,0.9927519546319025,0.06477171057010368,0.007196856730011519
500,8,sparseho_EN,4,4,0.999999999975,0.9997283649135846,-0.18141481514619762,6.372790034957797,0.9929893616106763,0.0006105402296585328,0.0054948620669267945
500,8,HPP_sparseho,4,4,0.999999999975,0.9978861026598389,-0.17630385705747553,6.345220495148983,0.9886935571695317,0.0006105402296585328,0.0054948620669267945
500,8,EN_manual,3,4,0.74999999998125,0.9997402030996426,-0.18651761756616847,6.400315581442774,0.9972783111417562,0.0006105402296585328,0.0054948620669267945
500,8,Ridge,3,4,0.74999999998125,1.000010901182269,-0.1862369625865956,6.398801671820047,0.9970424182060779,0.0006105402296585328,0.0054948620669267945
500,9,sparseho_EN,3,4,0.74999999998125,0.9935985886220078,-0.14761016027159335,4.530421927438442,0.9887283498215065,0.012505459449358236,0.001389495494373137
500,9,HPP_sparseho,3,4,0.74999999998125,0.9926209943659338,-0.14958215164490563,4.538206760012824,0.9904273272651498,0.012505459449358236,0.001389495494373137
500,9,EN_manual,3,4,0.74999999998125,0.9956360735702343,-0.15402768861114047,4.555756411321507,0.9942573982952422,0.012505459449358236,0.001389495494373137
500,9,Ridge,3,4,0.74999999998125,0.9956801144223595,-0.15459070744399073,4.55797904140462,0.9947424695335368,0.012505459449358236,0.001389495494373137
500,10,sparseho_EN,3,4,0.74999999998125,0.9935371785917395,-0.19625929964806144,8.519946514963042,0.992238932486334,0.0013894954943731374,0.012505459449358236
500,10,HPP_sparseho,3,4,0.74999999998125,0.9919719675628504,-0.19374469697180507,8.502037119972849,0.9901531918146835,0.0013894954943731374,0.012505459449358236
500,10,EN_manual,3,4,0.74999999998125,0.9961981931178949,-0.19886849306217447,8.538529600036634,0.994403131576474,0.0013894954943731374,0.012505459449358236
500,10,Ridge,3,4,0.74999999998125,0.9958102344837486,-0.19915879856427643,8.540597201393327,0.9946439258771622,0.0013894954943731374,0.012505459449358236
500,11,sparseho_EN,1,4,0.24999999999375,0.9980333816478422,-0.17690880346573445,6.087429228609188,0.9914478468363935,0.0024144262157517545,0.00026826957952797266
500,11,HPP_sparseho,2,4,0.4999999999875,0.9982701574942132,-0.17858333334428944,6.096090547223577,0.9928584990786639,0.0024144262157517545,0.00026826957952797266
500,11,EN_manual,3,4,0.74999999998125,0.999754563446781,-0.18426136882110633,6.12545955102478,0.9976417720316515,0.0024144262157517545,0.00026826957952797266
500,11,Ridge,4,4,0.999999999975,0.9996247796778264,-0.18446535028962252,6.126514622369206,0.9978136094647299,0.0024144262157517545,0.00026826957952797266
500,12,sparseho_EN,3,4,0.74999999998125,0.9984651420510411,-0.19879549387016504,9.28554553133242,0.9931257502262058,0.001060891771314228,0.00011787686347935863
500,12,HPP_sparseho,3,4,0.74999999998125,0.99906445937499,-0.20140827294726793,9.305783411110754,0.9952902713596194,0.001060891771314228,0.00011787686347935863
500,12,EN_manual,3,4,0.74999999998125,0.9996780620547715,-0.20539623955242003,9.336673121389882,0.9985940478142945,0.001060891771314228,0.00011787686347935863
500,12,Ridge,4,4,0.999999999975,1.0001843259409575,-0.20570650400882484,9.339076345919363,0.9988510821646996,0.001060891771314228,0.00011787686347935863
500,13,sparseho_EN,4,4,0.999999999975,0.9968732320863202,-0.1997614810176207,5.548027944609314,0.9904128087667233,0.00015538424037693637,0.0003625632275461849
500,13,HPP_sparseho,3,4,0.74999999998125,0.9956683399025239,-0.1992834234958567,5.545817274795487,0.9900181684149755,0.00015538424037693637,0.0003625632275461849
500,13,EN_manual,3,4,0.74999999998125,0.9972834094595873,-0.2048786770094626,5.571691270036882,0.9946370954566005,0.00015538424037693637,0.0003625632275461849
500,13,Ridge,4,4,0.999999999975,0.9980014744632895,-0.20565959410860524,5.575302446055629,0.9952817488396378,0.00015538424037693637,0.0003625632275461849
500,14,sparseho_EN,4,4,0.999999999975,0.9934648381322801,-0.2028008756949149,4.508084270743432,0.9888736669609447,3e-05,7e-05
500,14,HPP_sparseho,4,4,0.999999999975,0.9949163588516892,-0.20612285841493994,4.520535024937616,0.9916048099957668,3e-05,7e-05
500,14,EN_manual,2,4,0.4999999999875,0.9995109324538823,-0.21602051912301268,4.557631346911475,0.9997420970866766,3e-05,7e-05
500,14,Ridge,3,4,0.74999999998125,0.9993675591692415,-0.21544997512462594,4.55549295436715,0.999273028642142,3e-05,7e-05
1000,0,sparseho_EN,3,4,0.74999999998125,0.996759497837237,-0.16755864447285074,4.472562637143861,0.9924029636841912,0.06477171057010368,0.007196856730011519
1000,0,HPP_sparseho,4,4,0.999999999975,0.9927079116618899,-0.16496457795467956,4.462625556002488,0.9901980557655923,0.06477171057010368,0.007196856730011519
1000,0,EN_manual,3,4,0.74999999998125,0.9980372025859863,-0.17155786417010654,4.487882433438763,0.995802225467545,0.06477171057010368,0.007196856730011519
1000,0,Ridge,4,4,0.999999999975,0.9970350654268448,-0.1719473958519444,4.489374611030373,0.9961333200959261,0.06477171057010368,0.007196856730011519
1000,1,sparseho_EN,1,4,0.24999999999375,0.9998976274042761,-0.22133556463706583,4.358947600177763,0.999912924307329,0.33548343482834475,0.03727593720314941
1000,1,HPP_sparseho,4,4,0.999999999975,0.9977675665092568,-0.2163473080859295,4.341144508585071,0.9958290162155148,0.33548343482834475,0.03727593720314941
1000,1,EN_manual,3,4,0.74999999998125,0.9993513666581121,-0.22016970511290324,4.354786646610098,0.9989584298670697,0.33548343482834475,0.03727593720314941
1000,1,Ridge,4,4,0.999999999975,0.9990144143393584,-0.21938775239369246,4.351995856734206,0.9983182416560858,0.33548343482834475,0.03727593720314941
1000,2,sparseho_EN,4,4,0.999999999975,1.016443047749368,-0.10428861343924312,3.33423279691869,0.9927452561795396,0.00020482613334673098,2.2758459260747882e-05
1000,2,HPP_sparseho,2,4,0.4999999999875,1.0046608854576804,-0.11013554298796757,3.3518867182082643,0.9980015917987527,0.00020482613334673098,2.2758459260747882e-05
1000,2,EN_manual,3,4,0.74999999998125,1.0005393852346463,-0.11060944382878368,3.353317590270791,0.9984276242742253,0.00020482613334673098,2.2758459260747882e-05
1000,2,Ridge,4,4,0.999999999975,1.0014029994778761,-0.11104025781427751,3.354618368076813,0.9988149220650291,0.00020482613334673098,2.2758459260747882e-05
1000,3,sparseho_EN,2,4,0.4999999999875,0.999074959247689,-0.18247626966278907,2.717855464934767,0.998690571216727,5e-05,5e-05
1000,3,HPP_sparseho,4,4,0.999999999975,0.9985738380740474,-0.18226343411782686,2.7173662743574605,0.9985108155147087,5e-05,5e-05
1000,3,EN_manual,2,4,0.4999999999875,0.9998201576699579,-0.18328489199338782,2.719714038063607,0.9993735138837074,5e-05,5e-05
1000,3,Ridge,4,4,0.999999999975,0.9993372231357909,-0.18320024971131432,2.7195194925198187,0.9993020270799533,5e-05,5e-05
1000,4,sparseho_EN,1,4,0.24999999999375,0.9973992752261353,-0.23985174632701267,11.476094273867103,0.9943505630464559,2.275845926074789e-05,0.00020482613334673098
1000,4,HPP_sparseho,1,4,0.24999999999375,0.9976063554861905,-0.24030004135038618,11.48024370218866,0.9947100918451393,2.275845926074789e-05,0.00020482613334673098
1000,4,EN_manual,1,4,0.24999999999375,0.9989663346173313,-0.24400144515295574,11.514503974926733,0.9976785862365458,2.275845926074789e-05,0.00020482613334673098
1000,4,Ridge,3,4,0.74999999998125,0.999120147115687,-0.2444152052800017,11.518333747509473,0.9980104183418868,2.275845926074789e-05,0.00020482613334673098
1000,5,sparseho_EN,3,4,0.74999999998125,0.9947482331612696,-0.15019008450047777,5.800054676431355,0.9956834320805941,0.0024144262157517545,0.00026826957952797266
1000,5,HPP_sparseho,3,4,0.74999999998125,0.9954407914548639,-0.15182173785131647,5.808282602211081,0.9970959031410053,0.0024144262157517545,0.00026826957952797266
1000,5,EN_manual,4,4,0.999999999975,0.9986167110957679,-0.153530912159608,5.816901442325625,0.9985754816595794,0.0024144262157517545,0.00026826957952797266
1000,5,Ridge,4,4,0.999999999975,0.9981250829053349,-0.15347787500540222,5.816633992276784,0.9985295690609237,0.0024144262157517545,0.00026826957952797266
1000,6,sparseho_EN,1,4,0.24999999999375,0.9982962567373155,-0.20085894268979465,6.7338440418057015,0.9943690132777342,0.0054948620669267945,0.0006105402296585326
1000,6,HPP_sparseho,1,4,0.24999999999375,0.998289889007665,-0.20122427152037092,6.735892631595578,0.994671523136193,0.0054948620669267945,0.0006105402296585326
1000,6,EN_manual,1,4,0.24999999999375,0.999289218361195,-0.20493794249448438,6.756717126690937,0.9977466214769657,0.0054948620669267945,0.0006105402296585326
1000,6,Ridge,2,4,0.4999999999875,0.9992671864617345,-0.20534857498167836,6.759019757773542,0.9980866449439985,0.0054948620669267945,0.0006105402296585326
1000,7,sparseho_EN,2,4,0.4999999999875,0.9988517021810832,-0.21203663910265003,12.948016960987612,0.9964844206331042,0.14741043362586584,0.016378937069540644
1000,7,HPP_sparseho,4,4,0.999999999975,0.9987501925299792,-0.2105739558044093,12.9323913210167,0.9952818653043345,0.14741043362586584,0.016378937069540644
1000,7,EN_manual,3,4,0.74999999998125,0.9992291993070227,-0.21313387177117682,12.959738543276373,0.9973865181644181,0.14741043362586584,0.016378937069540644
1000,7,Ridge,3,4,0.74999999998125,0.999325596832712,-0.21335849784966787,12.962138192082648,0.9975711960697413,0.14741043362586584,0.016378937069540644
1000,8,sparseho_EN,4,4,0.999999999975,0.9975590138663568,-0.21556596044289256,8.755834947626957,0.9976794032543789,0.0013413478976398636,0.0013413478976398636
1000,8,HPP_sparseho,2,4,0.4999999999875,0.9980825935464999,-0.216650279846353,8.76364540138773,0.9985693616528417,0.0013413478976398636,0.0013413478976398636
1000,8,EN_manual,3,4,0.74999999998125,0.9993389575252324,-0.21771025206516303,8.771280480107432,0.9994393370265708,0.0013413478976398636,0.0013413478976398636
1000,8,Ridge,4,4,0.999999999975,0.9993392962415588,-0.21770532817453492,8.771245012864153,0.9994352957285882,0.0013413478976398636,0.0013413478976398636
1000,9,sparseho_EN,4,4,0.999999999975,0.9979212596514592,-0.180330534958131,3.388208873311599,0.9968188320241228,0.022135943621178652,0.00948683298050514
1000,9,HPP_sparseho,4,4,0.999999999975,0.9959540613430681,-0.18000743389512874,3.3872813925287018,0.996545965047705,0.022135943621178652,0.00948683298050514
1000,9,EN_manual,4,4,0.999999999975,0.9985146723592391,-0.18143539163559264,3.391380429996309,0.9977519112846882,0.022135943621178652,0.00948683298050514
1000,9,Ridge,4,4,0.999999999975,0.996237340929737,-0.18156227481495257,3.3917446556953386,0.9978590673218379,0.022135943621178652,0.00948683298050514
1000,10,sparseho_EN,3,4,0.74999999998125,0.9992597679181845,-0.20409017869880408,2.940247398634265,0.9981821251856002,0.035984283650057604,0.035984283650057604
1000,10,HPP_sparseho,3,4,0.74999999998125,0.9992608394572714,-0.20406672775807633,2.9401901341795837,0.998162684523873,0.035984283650057604,0.035984283650057604
1000,10,EN_manual,3,4,0.74999999998125,0.9993148575859289,-0.2042604089527038,2.9406630810059444,0.9983232448455845,0.035984283650057604,0.035984283650057604
1000,10,Ridge,3,4,0.74999999998125,0.9993573105312208,-0.2043824306574642,2.940961043738592,0.998424399963973,0.035984283650057604,0.035984283650057604
1000,11,sparseho_EN,3,4,0.74999999998125,0.9971892254982995,-0.21810262452636575,8.913934119250468,0.9944620580160408,0.0054948620669267945,0.0006105402296585326
1000,11,HPP_sparseho,3,4,0.74999999998125,0.9970222854171715,-0.2175934505394892,8.910208042906106,0.9940463670876394,0.0054948620669267945,0.0006105402296585326
1000,11,EN_manual,2,4,0.4999999999875,0.9993492568361544,-0.22332524825558342,8.952152675646719,0.9987258212141709,0.0054948620669267945,0.0006105402296585326
1000,11,Ridge,3,4,0.74999999998125,0.999107398867431,-0.2229710117575887,8.94956041392576,0.9984366216428644,0.0054948620669267945,0.0006105402296585326
1000,12,sparseho_EN,3,4,0.74999999998125,0.9983099647007336,-0.20096002912233413,6.3213560348945155,0.9967317225141645,0.00011787686347935866,0.001060891771314228
1000,12,HPP_sparseho,3,4,0.74999999998125,0.9983097384503309,-0.20134173902390695,6.3233651976737715,0.9970485210407345,0.00011787686347935866,0.001060891771314228
1000,12,EN_manual,4,4,0.999999999975,0.9981542306719922,-0.20133063977383925,6.323306775819841,0.9970393092648467,0.00011787686347935866,0.001060891771314228
1000,12,Ridge,4,4,0.999999999975,0.9981590922769734,-0.20157561362027243,6.324596216654664,0.9972426242778405,0.00011787686347935866,0.001060891771314228
1000,13,sparseho_EN,2,4,0.4999999999875,0.9986466251306637,-0.22871979378317464,7.6223175643065275,0.9974160903301931,0.0054948620669267945,0.0006105402296585326
1000,13,HPP_sparseho,3,4,0.74999999998125,0.9986950027617729,-0.22851572129466624,7.621051608210256,0.9972504340229846,0.0054948620669267945,0.0006105402296585326
1000,13,EN_manual,2,4,0.4999999999875,0.9990968489240759,-0.22972310582598032,7.628541573266953,0.9982305311654265,0.0054948620669267945,0.0006105402296585326
1000,13,Ridge,3,4,0.74999999998125,0.9991977521593151,-0.22980093779566269,7.629024400997553,0.9982937114440352,0.0054948620669267945,0.0006105402296585326
1000,14,sparseho_EN,2,4,0.4999999999875,0.9985865834555587,-0.1770103546158528,1.7540287927844413,0.9946368498765543,0.00035363059043807594,0.0008251380443555106
1000,14,HPP_sparseho,2,4,0.4999999999875,0.9982900548928916,-0.1771219475973076,1.75419509319274,0.9947311519284497,0.00035363059043807594,0.0008251380443555106
1000,14,EN_manual,2,4,0.4999999999875,0.9995880369052711,-0.18235036945103333,1.761986700493639,0.9991494486936577,0.00035363059043807594,0.0008251380443555106
1000,14,Ridge,3,4,0.74999999998125,1.0000439749941146,-0.18150314276359092,1.7607241287601265,0.9984334967224416,0.00035363059043807594,0.0008251380443555106
3000,0,sparseho_EN,1,4,0.24999999999375,0.9994413607748879,-0.1879207168277901,11.116417151212406,0.9982875933477023,0.0024144262157517545,0.00026826957952797266
3000,0,HPP_sparseho,1,4,0.24999999999375,0.9995327166606804,-0.18823575492213784,11.119365239267173,0.9985523404950195,0.0024144262157517545,0.00026826957952797266
3000,0,EN_manual,2,4,0.4999999999875,0.9999448625637679,-0.1894114679581127,11.130367418430204,0.9995403691744799,0.0024144262157517545,0.00026826957952797266
3000,0,Ridge,4,4,0.999999999975,1.0000315578935448,-0.18951140405378908,11.131302608222136,0.9996243520220117,0.0024144262157517545,0.00026826957952797266
3000,1,sparseho_EN,4,4,0.999999999975,0.9976377143884884,-0.2210971522522509,11.18189592519906,0.997256098803236,0.0008251380443555106,0.00035363059043807605
3000,1,HPP_sparseho,4,4,0.999999999975,0.9974292891145974,-0.22094704789580066,11.180521381585844,0.9971335102895779,0.0008251380443555106,0.00035363059043807605
3000,1,EN_manual,4,4,0.999999999975,0.9992254621518338,-0.22319952716817104,11.201147904832464,0.9989730843870653,0.0008251380443555106,0.00035363059043807605
3000,1,Ridge,4,4,0.999999999975,0.9992392005381092,-0.22324519583377067,11.201566104371164,0.9990103814647054,0.0008251380443555106,0.00035363059043807605
3000,2,sparseho_EN,2,4,0.4999999999875,0.9988238796255896,-0.21851098195505925,6.681810165378863,0.9979292947755533,7e-05,3.0000000000000008e-05
3000,2,HPP_sparseho,4,4,0.999999999975,0.999656852324902,-0.22034314979795977,6.691857015919128,0.9994297933270252,7e-05,3.0000000000000008e-05
3000,2,EN_manual,3,4,0.74999999998125,0.9996083793432927,-0.22043106456928818,6.692339104157517,0.9995017932737236,7e-05,3.0000000000000008e-05
3000,2,Ridge,3,4,0.74999999998125,0.9996125072700764,-0.22041160176531216,6.6922323781916635,0.999485853735604,7e-05,3.0000000000000008e-05
3000,3,sparseho_EN,3,4,0.74999999998125,0.9996741568917975,-0.22897038159132133,9.897403740781815,0.9996120259970405,0.0013894954943731374,0.012505459449358236
3000,3,HPP_sparseho,3,4,0.74999999998125,0.9996844685799288,-0.2289668589210445,9.897375371269826,0.9996091607501435,0.0013894954943731374,0.012505459449358236
3000,3,EN_manual,3,4,0.74999999998125,0.9997238557822026,-0.22906173300188937,9.898139431247774,0.9996863288199266,0.0013894954943731374,0.012505459449358236
3000,3,Ridge,3,4,0.74999999998125,0.9997091167400496,-0.22905631265393622,9.898095778957277,0.9996819200521643,0.0013894954943731374,0.012505459449358236
3000,4,sparseho_EN,4,4,0.999999999975,0.9995868131078965,-0.204138677823692,3.190028666510851,0.9994806834227449,0.0031622776601683794,0.02846049894151541
3000,4,HPP_sparseho,4,4,0.999999999975,0.9995108494678173,-0.20393140312524882,3.1894795501656548,0.9993086375769702,0.0031622776601683794,0.02846049894151541
3000,4,EN_manual,3,4,0.74999999998125,0.9996558855962314,-0.2043446515537093,3.1905743363040435,0.9996516494154799,0.0031622776601683794,0.02846049894151541
3000,4,Ridge,4,4,0.999999999975,0.9996171121352657,-0.20420019720562732,3.1901916449082184,0.9995317468384733,0.0031622776601683794,0.02846049894151541
3000,5,sparseho_EN,3,4,0.74999999998125,0.9988778515809393,-0.16000962915164862,8.28629946453658,0.9986740211292415,0.0024144262157517545,0.00026826957952797266
3000,5,HPP_sparseho,3,4,0.74999999998125,0.9989512077437069,-0.15994642620271882,8.285847986765438,0.9986196085264764,0.0024144262157517545,0.00026826957952797266
3000,5,EN_manual,4,4,0.999999999975,0.999596059638417,-0.16124142865729696,8.295098580791793,0.9997345003999443,0.0024144262157517545,0.00026826957952797266
3000,5,Ridge,4,4,0.999999999975,0.9993919270082535,-0.1611016552069029,8.294100136780596,0.9996141668180117,0.0024144262157517545,0.00026826957952797266
3000,6,sparseho_EN,4,4,0.999999999975,0.9994607434776467,-0.24171718474621007,8.06117428378009,0.9989077846716724,0.009486832980505138,0.022135943621178652
3000,6,HPP_sparseho,4,4,0.999999999975,0.9993910375908732,-0.24149725411142264,8.05974650360668,0.9987308599855397,0.009486832980505138,0.022135943621178652
3000,6,EN_manual,4,4,0.999999999975,0.9995069203417273,-0.24184383033364387,8.061996461458806,0.9990096655707499,0.009486832980505138,0.022135943621178652
3000,6,Ridge,4,4,0.999999999975,0.9995070671756233,-0.24183967774148352,8.061969503010017,0.9990063249899103,0.009486832980505138,0.022135943621178652
3000,7,sparseho_EN,1,4,0.24999999999375,0.9998385478478071,-0.17263025990615533,3.043355928167006,0.9988195969193022,0.0013894954943731374,0.012505459449358236
3000,7,HPP_sparseho,1,4,0.24999999999375,0.9997675494750771,-0.1722758053103921,3.042436003505188,0.9985176806132241,0.0013894954943731374,0.012505459449358236
3000,7,EN_manual,1,4,0.24999999999375,0.9998066425018927,-0.1729269183274018,3.0441258530067534,0.9990722837677176,0.0013894954943731374,0.012505459449358236
3000,7,Ridge,1,4,0.24999999999375,0.999889367558019,-0.1730639809886243,3.0444815750760403,0.9991890306032001,0.0013894954943731374,0.012505459449358236
3000,8,sparseho_EN,3,4,0.74999999998125,0.9999679982908456,-0.1887940399211543,6.465488737020978,0.9999781071277452,0.0031622776601683794,0.02846049894151541
3000,8,HPP_sparseho,3,4,0.74999999998125,0.9999777107292471,-0.18878476061582794,6.465438269705311,0.9999703016527307,0.0031622776601683794,0.02846049894151541
3000,8,EN_manual,3,4,0.74999999998125,0.9999594898660298,-0.18878100374734608,6.465417837241789,0.9999671414869602,0.0031622776601683794,0.02846049894151541
3000,8,Ridge,3,4,0.74999999998125,0.9999577783840827,-0.1887936386905109,6.4654865548497025,0.999977769624489,0.0031622776601683794,0.02846049894151541
3000,9,sparseho_EN,2,4,0.4999999999875,0.9991465852322838,-0.21034591813597148,5.442398967448414,0.9986427515947652,1e-05,9e-05
3000,9,HPP_sparseho,2,4,0.4999999999875,0.9993352327171496,-0.21093955302053047,5.445068285231334,0.9991325530355561,1e-05,9e-05
3000,9,EN_manual,3,4,0.74999999998125,0.9996191026637483,-0.21145655426743626,5.447393014889334,0.9995591249271549,1e-05,9e-05
3000,9,Ridge,3,4,0.74999999998125,0.9996321811291036,-0.21152703620854907,5.44770994151154,0.9996172787809879,1e-05,9e-05
3000,10,sparseho_EN,3,4,0.74999999998125,0.9992146929245972,-0.2082640215350524,5.686812629097269,0.9981632564978755,0.001060891771314228,0.00011787686347935863
3000,10,HPP_sparseho,1,4,0.24999999999375,0.999871150090311,-0.20999591973626575,5.694963977136632,0.999594001035191,0.001060891771314228,0.00011787686347935863
3000,10,EN_manual,1,4,0.24999999999375,0.9999622911076347,-0.2103084290654098,5.696434832817188,0.9998521692203762,0.001060891771314228,0.00011787686347935863
3000,10,Ridge,2,4,0.4999999999875,0.9999698064132119,-0.21036588594988315,5.696705259255804,0.999899635130055,0.001060891771314228,0.00011787686347935863
3000,11,sparseho_EN,3,4,0.74999999998125,0.9996319062394944,-0.18504009853528625,4.89028092439417,0.9981504789511172,1e-05,9e-05
3000,11,HPP_sparseho,2,4,0.4999999999875,0.9998020668559451,-0.18641556497064604,4.89595703381806,0.9993090241201222,1e-05,9e-05
3000,11,EN_manual,1,4,0.24999999999375,0.9998981806813727,-0.18687843979163898,4.897867169947869,0.9996989001461232,1e-05,9e-05
3000,11,Ridge,2,4,0.4999999999875,0.99983332102095,-0.18681740140264247,4.897615284066763,0.9996474879641333,1e-05,9e-05
3000,12,sparseho_EN,2,4,0.4999999999875,0.9999743781306829,-0.1943523908586604,6.873286862323151,0.9998246935933756,0.00011787686347935866,0.001060891771314228
3000,12,HPP_sparseho,1,4,0.24999999999375,0.9999842474966367,-0.1943871872610734,6.873487109467455,0.9998538226030773,0.00011787686347935866,0.001060891771314228
3000,12,EN_manual,1,4,0.24999999999375,0.999994359952377,-0.19455544167855465,6.874455383894711,0.9999946729272291,0.00011787686347935866,0.001060891771314228
3000,12,Ridge,4,4,0.999999999975,1.0000118930134794,-0.19453783982697082,6.874354088350641,0.9999799379411386,0.00011787686347935866,0.001060891771314228
3000,13,sparseho_EN,3,4,0.74999999998125,1.000192977635605,-0.13526630675068674,4.916475327313728,0.9993167048923685,0.015811388300841896,0.015811388300841896
3000,13,HPP_sparseho,3,4,0.74999999998125,0.9999998346290274,-0.1351096881043743,4.915797062041683,0.9991788415305942,0.015811388300841896,0.015811388300841896
3000,13,EN_manual,4,4,0.999999999975,1.0001752511957671,-0.13547442963737932,4.917376640980301,0.9994999047954269,0.015811388300841896,0.015811388300841896
3000,13,Ridge,4,4,0.999999999975,1.0001541412136639,-0.13550358100809268,4.917502886244533,0.9995255652519658,0.015811388300841896,0.015811388300841896
3000,14,sparseho_EN,4,4,0.999999999975,0.9993485521753304,-0.22748549942472995,10.99093283187984,0.9993622056559786,0.00011787686347935866,0.001060891771314228
3000,14,HPP_sparseho,3,4,0.74999999998125,0.9992286227404545,-0.2271845376964372,10.988238013780414,0.9991171764668387,0.00011787686347935866,0.001060891771314228
3000,14,EN_manual,4,4,0.999999999975,0.9996493005200948,-0.22737035086210744,10.989901789054432,0.999268456995343,0.00011787686347935866,0.001060891771314228
3000,14,Ridge,4,4,0.999999999975,0.9995722736818367,-0.22735280847389205,10.989744714114911,0.9992541747901457,0.00011787686347935866,0.001060891771314228
5000,0,sparseho_EN,3,4,0.74999999998125,0.9935651767239649,-0.15707135458452437,7.768812366016675,0.9993647297443227,2.275845926074789e-05,0.00020482613334673098
5000,0,HPP_sparseho,3,4,0.74999999998125,0.9941007759619821,-0.15673176846850234,7.76653231577861,0.9990714285700101,2.275845926074789e-05,0.00020482613334673098
5000,0,EN_manual,3,4,0.74999999998125,0.9989347070495199,-0.1575070908756131,7.77173798808235,0.9997410760077216,2.275845926074789e-05,0.00020482613334673098
5000,0,Ridge,3,4,0.74999999998125,0.9982812880163388,-0.15747804044232638,7.771542937565836,0.9997159850932369,2.275845926074789e-05,0.00020482613334673098
5000,1,sparseho_EN,3,4,0.74999999998125,0.9995501472869667,-0.18284461538699204,2.897017220839553,0.9987483688716933,0.06477171057010368,0.007196856730011519
5000,1,HPP_sparseho,4,4,0.999999999975,0.9997954147038612,-0.18256533689128562,2.8963332133199287,0.9985125568821731,0.06477171057010368,0.007196856730011519
5000,1,EN_manual,3,4,0.74999999998125,0.9997124705272317,-0.1834262754300393,2.8984418197593618,0.9992395001764094,0.06477171057010368,0.007196856730011519
5000,1,Ridge,4,4,0.999999999975,0.9999950871142294,-0.1835789664300076,2.8988157898063323,0.9993684265672267,0.06477171057010368,0.007196856730011519
5000,2,sparseho_EN,1,4,0.24999999999375,0.9999684103834042,-0.24958289737822925,10.330073769895412,0.999936229438962,0.14741043362586584,0.016378937069540644
5000,2,HPP_sparseho,4,4,0.999999999975,0.9997839216451538,-0.24914101745796624,10.326420829235508,0.9995826300561121,0.14741043362586584,0.016378937069540644
5000,2,EN_manual,2,4,0.4999999999875,0.9999542439294987,-0.2495457395351468,10.329766592787772,0.9999064951383533,0.14741043362586584,0.016378937069540644
5000,2,Ridge,4,4,0.999999999975,0.9999102584974474,-0.24943962969768751,10.32888940212602,0.9998215843485226,0.14741043362586584,0.016378937069540644
5000,3,sparseho_EN,3,4,0.74999999998125,0.9997074525529265,-0.20688081641443845,8.971228174514247,0.9992078488922277,0.012505459449358236,0.001389495494373137
5000,3,HPP_sparseho,3,4,0.74999999998125,0.9996067544001562,-0.20653911949655912,8.968688204556043,0.998924949174506,0.012505459449358236,0.001389495494373137
5000,3,EN_manual,3,4,0.74999999998125,0.9998911087912277,-0.20745081600144988,8.975465209592532,0.9996797662957201,0.012505459449358236,0.001389495494373137
5000,3,Ridge,4,4,0.999999999975,0.9999034016037083,-0.20745696801550984,8.975510939975447,0.9996848597073078,0.012505459449358236,0.001389495494373137
5000,4,sparseho_EN,3,4,0.74999999998125,0.9987461733241848,-0.17905808457898176,8.821231556864905,0.9986491146941852,0.00020482613334673098,2.2758459260747882e-05
5000,4,HPP_sparseho,3,4,0.74999999998125,0.9990195849251434,-0.1779015644834554,8.812578945347084,0.9976695550061346,0.00020482613334673098,2.2758459260747882e-05
5000,4,EN_manual,3,4,0.74999999998125,0.9999020065027819,-0.18027974530306,8.830371523989482,0.999683847771812,0.00020482613334673098,2.2758459260747882e-05
5000,4,Ridge,3,4,0.74999999998125,0.9997882347962562,-0.18018735966041732,8.829680332302713,0.999605598157614,0.00020482613334673098,2.2758459260747882e-05
5000,5,sparseho_EN,2,4,0.4999999999875,0.9993508600970599,-0.11231595991143006,2.7133163735273103,0.9983105534524557,0.0018778870566958088,0.0008048087385839183
5000,5,HPP_sparseho,2,4,0.4999999999875,0.9994736434420858,-0.11246960241012838,2.713691159759292,0.9984484485590959,0.0018778870566958088,0.0008048087385839183
5000,5,EN_manual,4,4,0.999999999975,0.9997248745272627,-0.11353031970002214,2.716278609453515,0.999400448982442,0.0018778870566958088,0.0008048087385839183
5000,5,Ridge,4,4,0.999999999975,0.9997438257158839,-0.11362355352045217,2.7165060384041517,0.9994841269212907,0.0018778870566958088,0.0008048087385839183
5000,6,sparseho_EN,2,4,0.4999999999875,0.9999408148562017,-0.246593075994459,14.756207975596293,0.9998929321241325,0.06477171057010368,0.007196856730011519
5000,6,HPP_sparseho,4,4,0.999999999975,0.999918311142149,-0.24653224162346077,14.755487865202772,0.9998441368446122,0.06477171057010368,0.007196856730011519
5000,6,EN_manual,2,4,0.4999999999875,0.9999262544978338,-0.2465580522331534,14.755793391305826,0.9998648395476052,0.06477171057010368,0.007196856730011519
5000,6,Ridge,3,4,0.74999999998125,0.9999148552031332,-0.24652711522770732,14.755427182881203,0.9998400249600045,0.06477171057010368,0.007196856730011519
5000,7,sparseho_EN,4,4,0.999999999975,0.9996455385019494,-0.19776587132125556,3.3777175485871402,0.9993419980686763,0.0041684864831194116,0.00972646846061196
5000,7,HPP_sparseho,4,4,0.999999999975,0.9995466648267483,-0.1975723115791168,3.377171707239197,0.9991805037532294,0.0041684864831194116,0.00972646846061196
5000,7,EN_manual,3,4,0.74999999998125,0.999885869236533,-0.1981428690014504,3.3787806876451647,0.9996565416902753,0.0041684864831194116,0.00972646846061196
5000,7,Ridge,4,4,0.999999999975,0.9997849133247163,-0.19807894633845424,3.378600424786017,0.9996032085612475,0.0041684864831194116,0.00972646846061196
5000,8,sparseho_EN,3,4,0.74999999998125,0.9987988763068527,-0.17714981604579227,6.265767753957016,0.9982284337879136,7e-05,3.0000000000000008e-05
5000,8,HPP_sparseho,4,4,0.999999999975,1.0003491081380569,-0.17908065216532765,6.276045265392732,0.999865791657942,7e-05,3.0000000000000008e-05
5000,8,EN_manual,4,4,0.999999999975,0.9998994897373388,-0.17885815985831277,6.274860976779851,0.9996771171628744,7e-05,3.0000000000000008e-05
5000,8,Ridge,4,4,0.999999999975,0.999936589252001,-0.1788964206560011,6.275064632482064,0.9997095624944976,7e-05,3.0000000000000008e-05
5000,9,sparseho_EN,3,4,0.74999999998125,0.9967321934926788,-0.13975874629369955,3.5859415167712116,0.995796088282924,9e-05,9.999999999999997e-06
5000,9,HPP_sparseho,4,4,0.999999999975,1.0001089292515952,-0.14202602123972508,3.5930748819551384,0.9977769842660921,9e-05,9.999999999999997e-06
5000,9,EN_manual,3,4,0.74999999998125,1.0000850769061198,-0.1438430861787161,3.598791783557856,0.9993645361618659,9e-05,9.999999999999997e-06
5000,9,Ridge,4,4,0.999999999975,1.0001833332013894,-0.14384166961504152,3.5987873267247688,0.9993632985240145,9e-05,9.999999999999997e-06
5000,10,sparseho_EN,2,4,0.4999999999875,0.9995461228075176,-0.161593553508929,5.9770330637553695,0.9996405161790742,0.0024144262157517545,0.00026826957952797266
5000,10,HPP_sparseho,1,4,0.24999999999375,0.9999129246647698,-0.16171234823560265,5.977644327486115,0.9997427481702321,0.0024144262157517545,0.00026826957952797266
5000,10,EN_manual,1,4,0.24999999999375,0.9999617723008152,-0.16177555988842052,5.977969585953473,0.9997971466550211,0.0024144262157517545,0.00026826957952797266
5000,10,Ridge,4,4,0.999999999975,1.0000110929766153,-0.16174699549869853,5.9778226065721745,0.9997725648026167,0.0024144262157517545,0.00026826957952797266
5000,11,sparseho_EN,3,4,0.74999999998125,0.9995719161194724,-0.23097800967259352,5.950255452883832,0.9988810557055627,0.0003625632275461849,0.0001553842403769364
5000,11,HPP_sparseho,3,4,0.74999999998125,0.9997361966020242,-0.23154156118666092,5.952979527110351,0.9993383513898828,0.0003625632275461849,0.0001553842403769364
5000,11,EN_manual,2,4,0.4999999999875,0.9999320051078274,-0.23213797810013248,5.955862464875031,0.9998223158080023,0.0003625632275461849,0.0001553842403769364
5000,11,Ridge,3,4,0.74999999998125,0.9999019358184696,-0.23204123492596662,5.955394831338862,0.999743813248912,0.0003625632275461849,0.0001553842403769364
5000,12,sparseho_EN,2,4,0.4999999999875,0.9998146111551667,-0.14289063384895173,3.5039731772192986,0.9997472325248685,0.06477171057010368,0.007196856730011519
5000,12,HPP_sparseho,3,4,0.74999999998125,0.9996752124808933,-0.14292672334974998,3.50408382353928,0.9997788019309671,0.06477171057010368,0.007196856730011519
5000,12,EN_manual,3,4,0.74999999998125,0.9997684365365855,-0.14300926501332145,3.504336886926617,0.9998510055148269,0.06477171057010368,0.007196856730011519
5000,12,Ridge,4,4,0.999999999975,0.9997793193044281,-0.14303491666604873,3.504415531987173,0.9998734443799854,0.06477171057010368,0.007196856730011519
5000,13,sparseho_EN,3,4,0.74999999998125,0.9994365058358521,-0.141160271741827,3.23219133472186,0.9992673073177043,0.0013894954943731374,0.012505459449358236
5000,13,HPP_sparseho,2,4,0.4999999999875,0.9994591941108497,-0.14097777908905806,3.231674447492663,0.9991075059766891,0.0013894954943731374,0.012505459449358236
5000,13,EN_manual,3,4,0.74999999998125,0.9996183727955831,-0.14139776522087244,3.2328640047963733,0.9994752706294214,0.0013894954943731374,0.012505459449358236
5000,13,Ridge,3,4,0.74999999998125,0.9994120495343848,-0.14139812007036778,3.232865009862438,0.9994755813565895,0.0013894954943731374,0.012505459449358236
5000,14,sparseho_EN,2,4,0.4999999999875,0.9996229077229779,-0.2076746054416152,3.6216273002536994,0.9992287843818513,0.0024144262157517545,0.00026826957952797266
5000,14,HPP_sparseho,3,4,0.74999999998125,0.9995257278223042,-0.20755763665924154,3.621276529165516,0.9991320045260065,0.0024144262157517545,0.00026826957952797266
5000,14,EN_manual,2,4,0.4999999999875,0.9998202278773638,-0.2083267696396851,3.623583038706206,0.9997683843998679,0.0024144262157517545,0.00026826957952797266
5000,14,Ridge,2,4,0.4999999999875,0.9998236307367736,-0.20826528369857455,3.6233986519832393,0.999717510992482,0.0024144262157517545,0.00026826957952797266
10000,0,sparseho_EN,2,4,0.4999999999875,0.9997900975276874,-0.20529107687822679,10.879778385457419,0.9991663891659737,9e-05,9.999999999999997e-06
10000,0,HPP_sparseho,2,4,0.4999999999875,0.9996518661843052,-0.2053391531043478,10.880212354227153,0.9992062435631226,9e-05,9.999999999999997e-06
10000,0,EN_manual,2,4,0.4999999999875,0.9997522502439448,-0.2059162267439325,10.88542141403952,0.9996846280760489,9e-05,9.999999999999997e-06
10000,0,Ridge,3,4,0.74999999998125,0.9997268009887939,-0.20595939143686515,10.88581104796463,0.9997204108933321,9e-05,9.999999999999997e-06
10000,1,sparseho_EN,2,4,0.4999999999875,0.9998673266823422,-0.16843393669025208,6.0767797690818,0.9996671489958584,0.06477171057010368,0.007196856730011519
10000,1,HPP_sparseho,4,4,0.999999999975,0.9997746420452263,-0.16841712232950723,6.076692321119193,0.9996527632753309,0.06477171057010368,0.007196856730011519
10000,1,EN_manual,4,4,0.999999999975,0.9998714947116658,-0.16860715442304985,6.077680638169268,0.9998153474276774,0.06477171057010368,0.007196856730011519
10000,1,Ridge,4,4,0.999999999975,0.9998330593968469,-0.1686256378854727,6.077776766779527,0.9998311611674222,0.06477171057010368,0.007196856730011519
10000,2,sparseho_EN,4,4,0.999999999975,0.9996904609605864,-0.21166945473177035,2.4909397678384524,0.9996961223835817,9e-05,9.999999999999997e-06
10000,2,HPP_sparseho,3,4,0.74999999998125,0.9999046959511761,-0.21184694180008523,2.4913046442451456,0.9998425592961199,9e-05,9.999999999999997e-06
10000,2,EN_manual,3,4,0.74999999998125,0.9999318457162496,-0.21189280462408533,2.4913989286489664,0.9998803987309058,9e-05,9.999999999999997e-06
10000,2,Ridge,3,4,0.74999999998125,0.99992844721317,-0.2118886381223437,2.4913903631900944,0.9998769611303138,9e-05,9.999999999999997e-06
10000,3,sparseho_EN,1,4,0.24999999999375,0.9999819653518222,-0.192943997777556,10.642840765553466,0.9999464570492547,0.012505459449358236,0.001389495494373137
10000,3,HPP_sparseho,1,4,0.24999999999375,0.9999933909766571,-0.19294947941137908,10.642889669907756,0.9999510518502936,0.012505459449358236,0.001389495494373137
10000,3,EN_manual,1,4,0.24999999999375,0.9999847796343483,-0.19295675643317933,10.642954591802171,0.9999571515768362,0.012505459449358236,0.001389495494373137
10000,3,Ridge,1,4,0.24999999999375,0.9999935034730046,-0.19295644413355606,10.642951805623467,0.9999568898018472,0.012505459449358236,0.001389495494373137
10000,4,sparseho_EN,4,4,0.999999999975,0.9996996056989964,-0.16565313674487703,6.745208213116025,0.9996663845519032,0.00011787686347935866,0.001060891771314228
10000,4,HPP_sparseho,3,4,0.74999999998125,0.9995960303961582,-0.16547236344204652,6.74416214415389,0.9995113530177636,0.00011787686347935866,0.001060891771314228
10000,4,EN_manual,2,4,0.4999999999875,0.9999625880161955,-0.16589104376231112,6.7465848939804856,0.9998704140701885,0.00011787686347935866,0.001060891771314228
10000,4,Ridge,4,4,0.999999999975,0.9999156422428875,-0.16588880224813285,6.7465719231580605,0.9998684917432938,0.00011787686347935866,0.001060891771314228
10000,5,sparseho_EN,2,4,0.4999999999875,1.0005949327181822,-0.19786673125607668,7.396207816467042,1.0005823127213793,9e-05,9.999999999999997e-06
10000,5,HPP_sparseho,2,4,0.4999999999875,0.9998872959760173,-0.19671437484779197,7.389092611367912,0.9996197453422253,9e-05,9.999999999999997e-06
10000,5,EN_manual,3,4,0.74999999998125,0.9999235796463514,-0.1969774069263861,7.3907166984762,0.9998394569667762,9e-05,9.999999999999997e-06
10000,5,Ridge,4,4,0.999999999975,0.9999306221329378,-0.19699374434073214,7.390817573563998,0.9998531036667001,9e-05,9.999999999999997e-06
10000,6,sparseho_EN,1,4,0.24999999999375,0.9998494818555504,-0.1199025465079544,3.8041032626735265,0.9989963188933967,0.012505459449358236,0.001389495494373137
10000,6,HPP_sparseho,1,4,0.24999999999375,0.9999398033890019,-0.120014990784439,3.804485215228575,0.9990966235302947,0.012505459449358236,0.001389495494373137
10000,6,EN_manual,1,4,0.24999999999375,0.9999831866336876,-0.12062715218753195,3.8065646150817587,0.9996426951417625,0.012505459449358236,0.001389495494373137
10000,6,Ridge,2,4,0.4999999999875,1.0000727877823328,-0.12070626220022596,3.8068333372650747,0.9997132643280862,0.012505459449358236,0.001389495494373137
10000,7,sparseho_EN,4,4,0.999999999975,0.9998797634710983,-0.2266168300255722,7.10875508411984,0.9998646183369837,0.0006105402296585328,0.0054948620669267945
10000,7,HPP_sparseho,3,4,0.74999999998125,0.9996557239079139,-0.22624088780134066,7.10657634245217,0.9995581727385319,0.0006105402296585328,0.0054948620669267945
10000,7,EN_manual,3,4,0.74999999998125,0.9999314368184273,-0.22661026694439546,7.108717048332673,0.9998592685060541,0.0006105402296585328,0.0054948620669267945
10000,7,Ridge,3,4,0.74999999998125,0.9999220469478172,-0.2265913442482861,7.108607383432535,0.99984384385684,0.0006105402296585328,0.0054948620669267945
10000,8,sparseho_EN,3,4,0.74999999998125,0.99982504015108,-0.22495342016276787,4.852861948688453,0.9995272531913488,0.00011787686347935866,0.001060891771314228
10000,8,HPP_sparseho,3,4,0.74999999998125,0.9997047487193162,-0.22452326680244816,4.851157822768205,0.9991762602477688,0.00011787686347935866,0.001060891771314228
10000,8,EN_manual,1,4,0.24999999999375,0.9999652189089774,-0.22537046597331445,4.854514146814152,0.9998675507460226,0.00011787686347935866,0.001060891771314228
10000,8,Ridge,4,4,0.999999999975,0.999927530084719,-0.22528227987512506,4.854164782541795,0.9997955933907124,0.00011787686347935866,0.001060891771314228
10000,9,sparseho_EN,4,4,0.999999999975,0.9994949117423277,-0.22214994252631204,9.17645793243773,0.9991361389315696,1e-05,9e-05
10000,9,HPP_sparseho,1,4,0.24999999999375,0.9997894284679444,-0.2229888151246915,9.182756569652236,0.9998219368846978,1e-05,9e-05
10000,9,EN_manual,4,4,0.999999999975,0.999921672536695,-0.22315862066380654,9.184031546913342,0.9999607568811787,1e-05,9e-05
10000,9,Ridge,4,4,0.999999999975,0.9999294239179138,-0.22317483345554412,9.184153279931667,0.9999740112173076,1e-05,9e-05
10000,10,sparseho_EN,3,4,0.74999999998125,0.9998305489239481,-0.18586695688135046,9.80675428727651,0.9994154677202731,0.06477171057010368,0.007196856730011519
10000,10,HPP_sparseho,3,4,0.74999999998125,0.999874618991236,-0.18605633150724188,9.808320357073452,0.9995750673526023,0.06477171057010368,0.007196856730011519
10000,10,EN_manual,3,4,0.74999999998125,0.9999122830903425,-0.18615704502595043,9.809153226836496,0.9996599458862538,0.06477171057010368,0.007196856730011519
10000,10,Ridge,3,4,0.74999999998125,0.9999255931006907,-0.1861964415232562,9.809479023728482,0.9996931481511058,0.06477171057010368,0.007196856730011519
10000,11,sparseho_EN,4,4,0.999999999975,1.0000861658537343,-0.18644550189472753,9.963136299180768,0.9996992089952974,0.05037799711008064,0.021590570190034564
10000,11,HPP_sparseho,4,4,0.999999999975,0.9999956751336878,-0.18631417871310685,9.962033517168752,0.9995885560571058,0.05037799711008064,0.021590570190034564
10000,11,EN_manual,4,4,0.999999999975,1.0000917110645287,-0.18652714339070786,9.963821880904346,0.9997680001355751,0.05037799711008064,0.021590570190034564
10000,11,Ridge,4,4,0.999999999975,1.0000871119991954,-0.1865395242329424,9.963925848611659,0.9997784322356328,0.05037799711008064,0.021590570190034564
10000,12,sparseho_EN,4,4,0.999999999975,0.9994814349250822,-0.16141371427058382,5.201136359964262,0.9996018376524334,0.015811388300841896,0.015811388300841896
10000,12,HPP_sparseho,4,4,0.999999999975,0.9994593873427955,-0.16127321824569352,5.200507179359187,0.9994809159834901,0.015811388300841896,0.015811388300841896
10000,12,EN_manual,4,4,0.999999999975,0.9995593171870731,-0.16150587635810587,5.201549087641343,0.9996811594228903,0.015811388300841896,0.015811388300841896
10000,12,Ridge,4,4,0.999999999975,0.999573319805467,-0.16154621766409494,5.201729747324288,0.9997158802489874,0.015811388300841896,0.015811388300841896
10000,13,sparseho_EN,2,4,0.4999999999875,0.9994247384688133,-0.2286045518027049,3.1627270604547344,0.9998001931354233,7e-05,3.0000000000000008e-05
10000,13,HPP_sparseho,3,4,0.74999999998125,0.9997429563044109,-0.22825603926735694,3.161829904388663,0.9995165844676548,7e-05,3.0000000000000008e-05
10000,13,EN_manual,4,4,0.999999999975,0.9998591796154068,-0.22852653332242845,3.1625262219030423,0.9997367041213755,7e-05,3.0000000000000008e-05
10000,13,Ridge,4,4,0.999999999975,0.9998570040435656,-0.22853319689257146,3.1625433755539705,0.999742126727621,7e-05,3.0000000000000008e-05
10000,14,sparseho_EN,3,4,0.74999999998125,0.9999642324635732,-0.24516432461748705,7.164294676876716,0.9999301771572076,0.0018316206889755979,0.004273781607609728
10000,14,HPP_sparseho,2,4,0.4999999999875,0.9999559372274259,-0.24514996365938035,7.164212048316225,0.9999186445786555,0.0018316206889755979,0.004273781607609728
10000,14,EN_manual,1,4,0.24999999999375,0.9999932654765198,-0.24522892411971164,7.16466636265406,0.9999820538375995,0.0018316206889755979,0.004273781607609728
10000,14,Ridge,4,4,0.999999999975,0.999984330931022,-0.24520815423887776,7.164546859112434,0.999965374568678,0.0018316206889755979,0.004273781607609728
50000,0,sparseho_EN,2,4,0.4999999999875,0.9998905220951277,-0.2448002262194593,14.617049585877444,0.9997319519691762,0.022135943621178652,0.00948683298050514
50000,0,HPP_sparseho,2,4,0.4999999999875,0.9998736887726294,-0.24474781817901703,14.616434185181244,0.9996898616871641,0.022135943621178652,0.00948683298050514
50000,0,EN_manual,2,4,0.4999999999875,0.999933045479042,-0.24492963837582327,14.61856920634886,0.9998358862912988,0.022135943621178652,0.00948683298050514
50000,0,Ridge,2,4,0.4999999999875,0.999938019603073,-0.24494376106176752,14.618735041794892,0.9998472285935325,0.022135943621178652,0.00948683298050514
50000,1,sparseho_EN,4,4,0.999999999975,0.9999338452295139,-0.21296944446310095,5.737626540906438,0.9999393985761262,2.275845926074789e-05,0.00020482613334673098
50000,1,HPP_sparseho,2,4,0.4999999999875,0.9999416658295003,-0.21297081056152867,5.737633002868553,0.9999405247509416,2.275845926074789e-05,0.00020482613334673098
50000,1,EN_manual,2,4,0.4999999999875,0.9999900842677036,-0.21302318542242404,5.737880748096861,0.999983701178133,2.275845926074789e-05,0.00020482613334673098
50000,1,Ridge,3,4,0.74999999998125,0.9999820182211379,-0.21301796940610185,5.737856075131004,0.9999794012345128,2.275845926074789e-05,0.00020482613334673098
50000,2,sparseho_EN,2,4,0.4999999999875,0.9998725938130091,-0.24267100404899322,9.114213315414947,0.9997271637270385,0.0054948620669267945,0.0006105402296585326
50000,2,HPP_sparseho,2,4,0.4999999999875,0.9998842122691085,-0.2427066927443602,9.114475069637475,0.9997558752348149,0.0054948620669267945,0.0006105402296585326
50000,2,EN_manual,3,4,0.74999999998125,0.9999433242159412,-0.24286499831533392,9.115636141826469,0.999883231855317,0.0054948620669267945,0.0006105402296585326
50000,2,Ridge,3,4,0.74999999998125,0.999947726554936,-0.2428771166871877,9.115725022492189,0.9998929810692948,0.0054948620669267945,0.0006105402296585326
50000,3,sparseho_EN,3,4,0.74999999998125,0.9999805000953824,-0.19699866124395604,8.026954216688491,0.9999168733630069,0.0006105402296585328,0.0054948620669267945
50000,3,HPP_sparseho,3,4,0.74999999998125,0.9999903959263614,-0.1970275352396813,8.027147842837996,0.9999409933528297,0.0006105402296585328,0.0054948620669267945
50000,3,EN_manual,2,4,0.4999999999875,0.9999788683670576,-0.19701963775140396,8.027094883065457,0.9999343961593312,0.0006105402296585328,0.0054948620669267945
50000,3,Ridge,3,4,0.74999999998125,0.9999905511676037,-0.1970335226505533,8.027187993821036,0.9999459949567182,0.0006105402296585328,0.0054948620669267945
50000,4,sparseho_EN,2,4,0.4999999999875,0.9999884378740369,-0.24243737952689504,4.303192586321542,0.9999851143220746,0.0031622776601683794,0.02846049894151541
50000,4,HPP_sparseho,2,4,0.4999999999875,0.9999888223515105,-0.24243772106184514,4.303193769230789,0.9999853892090603,0.0031622776601683794,0.02846049894151541
50000,4,EN_manual,1,4,0.24999999999375,0.9999897772120713,-0.2424402475893246,4.303202519880518,0.9999874227037958,0.0031622776601683794,0.02846049894151541
50000,4,Ridge,4,4,0.999999999975,0.9999912856590477,-0.2424431982891717,4.303212739654903,0.9999897975968668,0.0031622776601683794,0.02846049894151541
50000,5,sparseho_EN,0,4,0.0,0.999994568225254,-0.22473227549774655,5.075830183865468,0.9999951499732154,9e-05,9.999999999999997e-06
50000,5,HPP_sparseho,2,4,0.4999999999875,0.9999822009254808,-0.22471514136811965,5.075759172482756,0.9999811599389289,9e-05,9.999999999999997e-06
50000,5,EN_manual,4,4,0.999999999975,0.9999972551511664,-0.22473735861561206,5.075851250545595,0.9999993003441282,9e-05,9.999999999999997e-06
50000,5,Ridge,4,4,0.999999999975,0.9999928668344593,-0.22473237351696063,5.07583059010028,0.9999952300060035,9e-05,9.999999999999997e-06
50000,6,sparseho_EN,2,4,0.4999999999875,0.9999909755219343,-0.21014667857028435,7.013258581924828,0.9999732037433938,0.0013894954943731374,0.012505459449358236
50000,6,HPP_sparseho,2,4,0.4999999999875,0.999979860648994,-0.21011908118338418,7.013098644609836,0.9999503993611795,0.0013894954943731374,0.012505459449358236
50000,6,EN_manual,1,4,0.24999999999375,0.9999989559476827,-0.21017017901299795,7.013394775895739,0.9999926227224364,0.0013894954943731374,0.012505459449358236
50000,6,Ridge,3,4,0.74999999998125,0.9999955038919996,-0.21016109983092313,7.013342158595101,0.99998512037669,0.0013894954943731374,0.012505459449358236
50000,7,sparseho_EN,2,4,0.4999999999875,0.9999848321871394,-0.15047429335749474,3.1784913728632627,0.9999302355954127,0.06477171057010368,0.007196856730011519
50000,7,HPP_sparseho,3,4,0.74999999998125,1.0001032160143257,-0.15048298559600704,3.1785153874851293,0.9999377904205433,0.06477171057010368,0.007196856730011519
50000,7,EN_manual,3,4,0.74999999998125,0.9999811315792594,-0.15050747649264928,3.1785830501040513,0.9999590765876405,0.06477171057010368,0.007196856730011519
50000,7,Ridge,3,4,0.74999999998125,0.9999860977376531,-0.1505116764802743,3.178594653687468,0.9999627269904695,0.06477171057010368,0.007196856730011519
50000,8,sparseho_EN,2,4,0.4999999999875,0.9998212646001003,-0.24673537632970954,12.759523976810145,0.9995671218887767,6.827537778224366e-05,0.0001593092148252352
50000,8,HPP_sparseho,2,4,0.4999999999875,0.9997767405778397,-0.24660594512152212,12.758199332755305,0.9994633507255397,6.827537778224366e-05,0.0001593092148252352
50000,8,EN_manual,4,4,0.999999999975,0.9999683370611805,-0.24718659363628337,12.76414189184752,0.9999288842908401,6.827537778224366e-05,0.0001593092148252352
50000,8,Ridge,3,4,0.74999999998125,0.9999655278651544,-0.2471773744491963,12.764047539476588,0.9999214928295262,6.827537778224366e-05,0.0001593092148252352
50000,9,sparseho_EN,4,4,0.999999999975,0.9999577781228564,-0.2137917915204013,6.678858291107599,0.9999303727624308,5.179474679231213e-05,0.0004661527211308092
50000,9,HPP_sparseho,3,4,0.74999999998125,0.9999653424018755,-0.21381093528804462,6.67896362919947,0.9999461435353503,5.179474679231213e-05,0.0004661527211308092
50000,9,EN_manual,3,4,0.74999999998125,0.9999844095097956,-0.21383156920353197,6.679077166791744,0.9999631419027384,5.179474679231213e-05,0.0004661527211308092
50000,9,Ridge,4,4,0.999999999975,0.9999875786663425,-0.21383575281133416,6.679100186986683,0.9999665883888148,5.179474679231213e-05,0.0004661527211308092
50000,10,sparseho_EN,4,4,0.999999999975,0.9999903296816826,-0.2139848589727189,8.529748598851572,0.9999352482963272,0.022135943621178652,0.00948683298050514
50000,10,HPP_sparseho,4,4,0.999999999975,0.9999813081198343,-0.21397098979429452,8.529651150679662,0.9999238245291615,0.022135943621178652,0.00948683298050514
50000,10,EN_manual,4,4,0.999999999975,0.9999966081454862,-0.21401159212830811,8.529936432410405,0.9999572678663196,0.022135943621178652,0.00948683298050514
50000,10,Ridge,4,4,0.999999999975,0.9999969300874936,-0.21401411921655344,8.529954188338133,0.999959349378781,0.022135943621178652,0.00948683298050514
50000,11,sparseho_EN,2,4,0.4999999999875,0.9999425183808567,-0.12424248681606276,5.538430102787781,0.999735811494525,0.001060891771314228,0.00011787686347935863
50000,11,HPP_sparseho,2,4,0.4999999999875,0.9999460620855933,-0.12430034361794462,5.538715126576645,0.9997872608192554,0.001060891771314228,0.00011787686347935863
50000,11,EN_manual,2,4,0.4999999999875,1.0000034152859223,-0.12448988656258564,5.5396488845182645,0.9999558124189288,0.001060891771314228,0.00011787686347935863
50000,11,Ridge,3,4,0.74999999998125,0.9999854649838784,-0.12449071840842141,5.53965298249541,0.9999565521401912,0.001060891771314228,0.00011787686347935863
50000,12,sparseho_EN,2,4,0.4999999999875,0.9999661058388182,-0.16249316815268622,1.4227305970330801,0.9998723146996279,9e-05,9.999999999999997e-06
50000,12,HPP_sparseho,3,4,0.74999999998125,1.0000012517355121,-0.1626046768357554,1.4228670682138005,0.9999682244633185,9e-05,9.999999999999997e-06
50000,12,EN_manual,3,4,0.74999999998125,1.000003622501336,-0.16263041308001647,1.4228985658115207,0.9999903604713621,9e-05,9.999999999999997e-06
50000,12,Ridge,4,4,0.999999999975,1.0000083190401,-0.16262136810809968,1.4228874960188995,0.9999825807981094,9e-05,9.999999999999997e-06
50000,13,sparseho_EN,2,4,0.4999999999875,0.9999910307992946,-0.2051316144595452,4.51051687194632,0.9999703257363107,0.0002682695795279727,0.0024144262157517545
50000,13,HPP_sparseho,2,4,0.4999999999875,0.9999912432473416,-0.2051275089681044,4.510501506082384,0.9999669191626517,0.0002682695795279727,0.0024144262157517545
50000,13,EN_manual,1,4,0.24999999999375,0.9999979914040255,-0.2051577456052618,4.5106146745201,0.9999920083226611,0.0002682695795279727,0.0024144262157517545
50000,13,Ridge,3,4,0.74999999998125,0.9999977905104572,-0.20515381729094195,4.51059997178738,0.9999887487635367,0.0002682695795279727,0.0024144262157517545
50000,14,sparseho_EN,2,4,0.4999999999875,0.9998895831272681,-0.1707181989105171,4.998913089166234,0.999880659468814,0.012505459449358236,0.001389495494373137
50000,14,HPP_sparseho,3,4,0.74999999998125,0.9998935119064907,-0.1707287897915093,4.998958311742997,0.9998897048710984,0.012505459449358236,0.001389495494373137
50000,14,EN_manual,2,4,0.4999999999875,0.9999396854523828,-0.1708028606061558,4.999274590729012,0.9999529668713517,0.012505459449358236,0.001389495494373137
50000,14,Ridge,2,4,0.4999999999875,0.9999430037404287,-0.1708098427728979,4.999304404261211,0.999958930162512,0.012505459449358236,0.001389495494373137
