kappa_target,kappa_actual,run_id,method,mse,support_recall,support_precision,rel_err
50,35.6306493327911,0,EN_Fixed,5.664618433179462e-09,1.0,0.6666666666666666,8.581929331376141e-05
50,35.6306493327911,0,EN_Dynamic,0.6843299463436417,0.5,0.5,0.943262080406342
50,35.6306493327911,0,OMP,0.2692134744334017,0.5,0.5,0.5916270194048382
50,35.6306493327911,0,Lasso,6.950143868232346e-11,1.0,0.8,9.505971341359593e-06
50,35.6306493327911,0,Ridge,0.27597022498669277,1.0,0.4,0.5990053718947295
50,27.44731426095061,1,EN_Fixed,1.0246015526101897,1.0,0.4444444444444444,0.6698568604506135
50,27.44731426095061,1,EN_Dynamic,2.2395850562374235,0.25,0.5,0.990349040836041
50,27.44731426095061,1,OMP,0.11935717060967528,0.75,0.75,0.22862765528009765
50,27.44731426095061,1,Lasso,0.5972898723691811,1.0,0.4,0.5114428131935207
50,27.44731426095061,1,Ridge,1.2009484782724225,1.0,0.4,0.725214857477493
50,23.812603988536225,2,EN_Fixed,1.205094368153025e-09,1.0,0.6666666666666666,3.207722231644576e-05
50,23.812603988536225,2,EN_Dynamic,1.0411941368159414,1.0,1.0,0.9428705751399348
50,23.812603988536225,2,OMP,0.03397116826778866,0.75,0.75,0.17031051685361523
50,23.812603988536225,2,Lasso,1.6673311755464056e-09,1.0,1.0,3.773089968617936e-05
50,23.812603988536225,2,Ridge,0.03951357741277152,1.0,0.4,0.18367895551240873
50,37.72829838124986,3,EN_Fixed,5.441449969029949e-07,1.0,0.6666666666666666,0.0006662830401646045
50,37.72829838124986,3,EN_Dynamic,1.1552749568746539,0.5,0.5,0.9708320786928806
50,37.72829838124986,3,OMP,1.0014835710813626e-31,1.0,1.0,2.8584023030896283e-16
50,37.72829838124986,3,Lasso,5.381865175989618e-07,1.0,0.6666666666666666,0.0006626250429609514
50,37.72829838124986,3,Ridge,3.5292097945858822,1.0,0.4,1.6968371988116733
50,23.258648339049337,4,EN_Fixed,8.00631715736329e-05,1.0,0.5,0.009349180317731806
50,23.258648339049337,4,EN_Dynamic,0.7708400611050736,1.0,0.6666666666666666,0.9173589020094325
50,23.258648339049337,4,OMP,0.011978379147310543,0.75,0.75,0.11435526611586087
50,23.258648339049337,4,Lasso,4.169441234341856e-05,1.0,0.5,0.006746772555871837
50,23.258648339049337,4,Ridge,0.5815660043688614,1.0,0.4,0.7968134330109133
50,20.079280615107407,5,EN_Fixed,1.2571692552210144e-06,1.0,1.0,0.0007891750524051995
50,20.079280615107407,5,EN_Dynamic,1.8530944132506264,0.75,0.75,0.9581317799300573
50,20.079280615107407,5,OMP,2.238534741974976,0.5,0.5,1.0530727904253074
50,20.079280615107407,5,Lasso,1.748151548275636e-08,1.0,0.8,9.306063499148045e-05
50,20.079280615107407,5,Ridge,0.10252306268489852,1.0,0.4,0.22536540905221816
50,48.56529690942758,6,EN_Fixed,3.0065219251852878e-06,1.0,0.6666666666666666,0.0010706407020107712
50,48.56529690942758,6,EN_Dynamic,2.3879451652139756,0.75,0.6,0.9541655600882364
50,48.56529690942758,6,OMP,3.4957210040005102,0.75,0.75,1.1544628020133751
50,48.56529690942758,6,Lasso,1.647671722411101e-07,1.0,0.6666666666666666,0.00025063799414770297
50,48.56529690942758,6,Ridge,0.5768798104166302,1.0,0.4,0.46897990246595894
50,37.4686786220366,7,EN_Fixed,5.244496734618881e-05,1.0,0.5714285714285714,0.008212368356435207
50,37.4686786220366,7,EN_Dynamic,0.7054801381878278,0.5,0.6666666666666666,0.9524866709632576
50,37.4686786220366,7,OMP,4.788632213724423e-31,1.0,1.0,7.847336079467688e-16
50,37.4686786220366,7,Lasso,4.565116020974904e-06,1.0,0.5714285714285714,0.0024229386681633774
50,37.4686786220366,7,Ridge,0.05837926225252734,1.0,0.4,0.2739970029807334
50,40.62586175166733,8,EN_Fixed,7.25428210130882e-05,1.0,0.6666666666666666,0.0089374849688243
50,40.62586175166733,8,EN_Dynamic,0.8303980214043707,1.0,0.6666666666666666,0.9562275612150621
50,40.62586175166733,8,OMP,1.1387107085904857,0.5,0.5,1.1197596316012668
50,40.62586175166733,8,Lasso,1.137537508972036e-07,1.0,0.8,0.00035391662780471465
50,40.62586175166733,8,Ridge,0.4839389475487888,1.0,0.4,0.7299840855453275
50,46.70562279054,9,EN_Fixed,0.015949627769899156,1.0,0.5,0.08030191122089408
50,46.70562279054,9,EN_Dynamic,2.3342263942316923,0.75,0.5,0.9714536705604769
50,46.70562279054,9,OMP,5.36679800007427,0.25,0.25,1.4730185988406255
50,46.70562279054,9,Lasso,0.002464226647955445,1.0,0.5,0.03156391975774161
50,46.70562279054,9,Ridge,1.149216895885733,1.0,0.4,0.6816345682119325
50,22.562953014718953,10,EN_Fixed,0.0055544341082704625,1.0,0.6666666666666666,0.05794748859577985
50,22.562953014718953,10,EN_Dynamic,1.2094556176548348,0.5,1.0,0.8550857660767619
50,22.562953014718953,10,OMP,0.9238282841001506,0.75,0.75,0.7473264206623677
50,22.562953014718953,10,Lasso,1.0283246962557692e-06,1.0,0.6666666666666666,0.0007884603202685701
50,22.562953014718953,10,Ridge,0.08412586316164726,1.0,0.4,0.22551709874783296
50,41.74985786860124,11,EN_Fixed,0.00044420333610182324,1.0,0.4444444444444444,0.014978154248296996
50,41.74985786860124,11,EN_Dynamic,1.8490873407081978,0.5,0.5,0.9663759282537593
50,41.74985786860124,11,OMP,0.07017525079856339,0.75,0.75,0.18826057356243106
50,41.74985786860124,11,Lasso,0.0004438832930355117,1.0,0.4444444444444444,0.014972757487650276
50,41.74985786860124,11,Ridge,0.6466396839255147,1.0,0.4,0.5714767517234683
50,25.592434477334898,12,EN_Fixed,0.00048790900242055916,1.0,0.5714285714285714,0.023881527483463564
50,25.592434477334898,12,EN_Dynamic,0.8554893925243302,0.0,0.0,1.0
50,25.592434477334898,12,OMP,1.3096323621833203e-33,1.0,1.0,3.9126174245205565e-17
50,25.592434477334898,12,Lasso,5.57800150261699e-10,1.0,1.0,2.5534772857698673e-05
50,25.592434477334898,12,Ridge,0.21988844439074767,1.0,0.4,0.5069835743475324
50,25.53683086017577,13,EN_Fixed,0.0007172316398192914,1.0,0.5714285714285714,0.019861639972987667
50,25.53683086017577,13,EN_Dynamic,1.5757707458151244,0.75,0.5,0.9309618882871887
50,25.53683086017577,13,OMP,1.1450645030199407,0.75,0.75,0.7935976284223628
50,25.53683086017577,13,Lasso,7.989088883118494e-08,1.0,0.8,0.00020962062518137018
50,25.53683086017577,13,Ridge,0.32066539848966996,1.0,0.4,0.41996339247993136
50,22.214948808088565,14,EN_Fixed,3.978432056126791e-09,1.0,0.6666666666666666,8.670031716157191e-05
50,22.214948808088565,14,EN_Dynamic,0.4649358091391975,1.0,0.5714285714285714,0.9372624364034569
50,22.214948808088565,14,OMP,0.19135561171870671,0.75,0.75,0.6012918465074912
50,22.214948808088565,14,Lasso,4.0806866882474265e-10,1.0,0.8,2.776715208950185e-05
50,22.214948808088565,14,Ridge,0.17441465515150834,1.0,0.4,0.5740585639218286
50,27.135640812703077,15,EN_Fixed,2.4491077328614772e-08,1.0,1.0,0.000132235998690379
50,27.135640812703077,15,EN_Dynamic,1.2050683520889998,1.0,0.5,0.9275804681803307
50,27.135640812703077,15,OMP,0.4142070793979781,0.5,0.5,0.5438191708769073
50,27.135640812703077,15,Lasso,3.1809398083809217e-08,1.0,0.8,0.0001507035491603532
50,27.135640812703077,15,Ridge,0.31735766844368263,1.0,0.4,0.47601457788492335
50,30.18275435367051,16,EN_Fixed,7.97026787101973e-08,1.0,0.8,0.0002898721459714201
50,30.18275435367051,16,EN_Dynamic,0.7737604719720922,1.0,0.6666666666666666,0.9031778884680975
50,30.18275435367051,16,OMP,0.3122185731660352,0.75,0.75,0.5737192131916666
50,30.18275435367051,16,Lasso,6.112821788246196e-08,1.0,0.5714285714285714,0.0002538580233583084
50,30.18275435367051,16,Ridge,0.9016578372099302,1.0,0.4,0.974969225907617
50,31.464562386658987,17,EN_Fixed,0.00022297461282669396,1.0,0.5714285714285714,0.015274647549771682
50,31.464562386658987,17,EN_Dynamic,0.8958579449774989,0.25,0.5,0.9681955084944084
50,31.464562386658987,17,OMP,2.443705046615839,0.5,0.5,1.5990714950730014
50,31.464562386658987,17,Lasso,7.364316198060953e-05,1.0,0.5714285714285714,0.008778285519488956
50,31.464562386658987,17,Ridge,1.0665097067794485,1.0,0.4,1.0563939249962606
50,26.534642983374287,18,EN_Fixed,4.5201907663177e-09,1.0,1.0,5.4131023626024166e-05
50,26.534642983374287,18,EN_Dynamic,1.4685185173733184,0.25,1.0,0.97568037908712
50,26.534642983374287,18,OMP,0.5239139599779563,0.75,0.75,0.5827708805645468
50,26.534642983374287,18,Lasso,4.513279125972364e-09,1.0,1.0,5.408962301773482e-05
50,26.534642983374287,18,Ridge,0.29306086073236204,1.0,0.4,0.435859752849002
50,23.180493318042505,19,EN_Fixed,8.743308667453275e-05,1.0,0.5,0.007552167699304884
50,23.180493318042505,19,EN_Dynamic,1.4602315324794648,0.75,0.6,0.9759882315445285
50,23.180493318042505,19,OMP,21.923582970712154,0.5,0.5,3.7817210063544424
50,23.180493318042505,19,Lasso,3.6328603116278284e-08,1.0,0.5714285714285714,0.00015394233485548138
50,23.180493318042505,19,Ridge,4.084669019765854,1.0,0.4,1.6323457600111067
100,76.99987792664645,0,EN_Fixed,2.679105898405816e-05,1.0,0.6666666666666666,0.005739719342147511
100,76.99987792664645,0,EN_Dynamic,0.6373462332041835,1.0,0.4444444444444444,0.8852856578550694
100,76.99987792664645,0,OMP,0.0786042222675862,0.75,0.75,0.31089851972878707
100,76.99987792664645,0,Lasso,8.210466296076835e-12,1.0,0.8,3.1774566052176113e-06
100,76.99987792664645,0,Ridge,0.12202074685239342,1.0,0.4,0.3873580235528067
100,46.87766661089358,1,EN_Fixed,1.994597729465905e-10,1.0,0.8,1.1640169820142166e-05
100,46.87766661089358,1,EN_Dynamic,0.9250182755770586,0.5,1.0,0.7926962665794975
100,46.87766661089358,1,OMP,4.794795189546462e-31,1.0,1.0,5.707115826025377e-16
100,46.87766661089358,1,Lasso,1.6755820060868715e-11,1.0,0.8,3.3737624491922047e-06
100,46.87766661089358,1,Ridge,0.00446827082118348,1.0,0.4,0.055093631525159656
100,89.6369460148987,2,EN_Fixed,4.6934926379617826e-09,1.0,0.6666666666666666,0.00012061230844683317
100,89.6369460148987,2,EN_Dynamic,0.3226360422904345,0.0,0.0,1.0
100,89.6369460148987,2,OMP,6.656013887802288e-32,1.0,1.0,4.542037012440083e-16
100,89.6369460148987,2,Lasso,1.1705005921112802e-10,1.0,1.0,1.9047122636605517e-05
100,89.6369460148987,2,Ridge,0.0050535431069822145,1.0,0.4,0.12515308129236338
100,58.63980576314955,3,EN_Fixed,6.113675580132044e-09,1.0,0.6666666666666666,6.332732197185151e-05
100,58.63980576314955,3,EN_Dynamic,1.0888248734458168,1.0,0.4444444444444444,0.8451210998966168
100,58.63980576314955,3,OMP,1.325009894155651,0.5,0.5,0.9322867000543709
100,58.63980576314955,3,Lasso,7.047588783881628e-09,1.0,0.8,6.79923741171509e-05
100,58.63980576314955,3,Ridge,0.29574699390672304,1.0,0.4,0.4404535325641394
100,70.77395344072832,4,EN_Fixed,6.400972801222025e-08,1.0,0.6666666666666666,0.00026341975544678746
100,70.77395344072832,4,EN_Dynamic,0.8584098148193405,0.5,0.6666666666666666,0.9646564858423019
100,70.77395344072832,4,OMP,1.1205651148232305,0.5,0.5,1.1021581091127686
100,70.77395344072832,4,Lasso,4.966434679824992e-08,1.0,0.6666666666666666,0.00023203191013798294
100,70.77395344072832,4,Ridge,0.2551881250179494,1.0,0.4,0.525963469841969
100,54.897812218209346,5,EN_Fixed,6.952830623348668e-08,1.0,0.8,0.0001876015823027676
100,54.897812218209346,5,EN_Dynamic,1.939483789433109,0.75,0.5,0.990829091247685
100,54.897812218209346,5,OMP,2.0954117794933126e-30,1.0,1.0,1.0298888651008618e-15
100,54.897812218209346,5,Lasso,6.896398810495653e-08,1.0,0.8,0.00018683870837470377
100,54.897812218209346,5,Ridge,0.3744806806717529,1.0,0.4,0.43538191068544413
100,60.73089256507255,6,EN_Fixed,0.00728728538189357,1.0,0.5,0.07602391432643991
100,60.73089256507255,6,EN_Dynamic,1.0131280256700985,1.0,0.5714285714285714,0.8963951594493703
100,60.73089256507255,6,OMP,1.7256893217974227,0.75,0.75,1.16989973868125
100,60.73089256507255,6,Lasso,2.589184734237147e-08,1.0,0.8,0.0001433008798608839
100,60.73089256507255,6,Ridge,0.02835831894041659,1.0,0.4,0.14997110084992074
100,42.06478675983923,7,EN_Fixed,2.165959897179548e-09,1.0,0.8,3.425839369772206e-05
100,42.06478675983923,7,EN_Dynamic,1.5838830253392588,0.75,1.0,0.9264102307331652
100,42.06478675983923,7,OMP,0.8746564033523432,0.5,0.5,0.6884311773997391
100,42.06478675983923,7,Lasso,2.0160907189746022e-09,1.0,0.8,3.3051930088360976e-05
100,42.06478675983923,7,Ridge,0.12683688721152503,1.0,0.4,0.26215888295263984
100,101.67854011911416,8,EN_Fixed,0.04040711248924114,0.75,0.42857142857142855,0.14174460685147386
100,101.67854011911416,8,EN_Dynamic,1.6343066209542936,1.0,0.5,0.9014557337532685
100,101.67854011911416,8,OMP,4.341816466626585e-31,1.0,1.0,4.6463654579018e-16
100,101.67854011911416,8,Lasso,0.03876365670719658,0.75,0.3333333333333333,0.13883213574564507
100,101.67854011911416,8,Ridge,0.1452423824125077,1.0,0.4,0.2687350524848941
100,61.423101092376825,9,EN_Fixed,0.12532436801009345,1.0,0.4,0.3471117132791907
100,61.423101092376825,9,EN_Dynamic,0.9704974326971774,0.75,0.6,0.9659367799544971
100,61.423101092376825,9,OMP,5.817849176004962e-31,1.0,1.0,7.478814074964828e-16
100,61.423101092376825,9,Lasso,0.062156757365399606,1.0,0.4,0.24445317508710546
100,61.423101092376825,9,Ridge,0.609177762596247,1.0,0.4,0.7652855767578128
100,85.83099217154611,10,EN_Fixed,0.03749510425487994,1.0,0.5,0.19887287169931178
100,85.83099217154611,10,EN_Dynamic,0.7704863934451341,0.75,0.6,0.9015104162094123
100,85.83099217154611,10,OMP,0.34607031285538464,0.25,0.25,0.604185690116001
100,85.83099217154611,10,Lasso,0.005071541637084209,1.0,0.5714285714285714,0.07314055641179192
100,85.83099217154611,10,Ridge,0.4110535563102366,1.0,0.4,0.6584722347730126
100,71.68618530762238,11,EN_Fixed,4.2683989773968296e-08,1.0,0.6666666666666666,0.00017412879814382413
100,71.68618530762238,11,EN_Dynamic,1.1359028159767477,1.0,0.4444444444444444,0.8982737052868635
100,71.68618530762238,11,OMP,3.944304526105059e-31,1.0,1.0,5.293261111590417e-16
100,71.68618530762238,11,Lasso,1.8933499163884833e-08,1.0,0.6666666666666666,0.00011597210532514595
100,71.68618530762238,11,Ridge,0.0069025183532484295,1.0,0.4,0.0700231887387285
100,35.871531763707914,12,EN_Fixed,1.4039166683492164e-05,1.0,0.6666666666666666,0.0035775590609438703
100,35.871531763707914,12,EN_Dynamic,0.8885768587352774,0.75,0.75,0.9000438035814743
100,35.871531763707914,12,OMP,10.417810745703637,0.25,0.25,3.081799488657547
100,35.871531763707914,12,Lasso,5.976552036703122e-08,1.0,0.6666666666666666,0.00023342184612670707
100,35.871531763707914,12,Ridge,0.6591302939910866,1.0,0.4,0.7751786149719877
100,36.2822422504119,13,EN_Fixed,2.7826775821826517e-10,1.0,0.8,1.9241973567270785e-05
100,36.2822422504119,13,EN_Dynamic,0.6035419832187521,1.0,0.6666666666666666,0.8961318474293521
100,36.2822422504119,13,OMP,0.028513630357503768,0.75,0.75,0.19478002924500232
100,36.2822422504119,13,Lasso,2.7128545736831246e-10,1.0,0.8,1.8999029881492123e-05
100,36.2822422504119,13,Ridge,0.08708934922436352,1.0,0.4,0.3404087318959779
100,44.19360563798118,14,EN_Fixed,6.171000796342963e-11,1.0,1.0,5.567208210379195e-06
100,44.19360563798118,14,EN_Dynamic,1.5483142102135687,1.0,0.4444444444444444,0.8818388186300083
100,44.19360563798118,14,OMP,0.004230202879733562,0.75,0.75,0.04609356097738228
100,44.19360563798118,14,Lasso,4.567243978389952e-11,1.0,1.0,4.789462405886557e-06
100,44.19360563798118,14,Ridge,0.19816682327414117,1.0,0.4,0.31548240032872416
100,56.93888433593666,15,EN_Fixed,0.008542522918278736,1.0,0.5,0.17955403555321076
100,56.93888433593666,15,EN_Dynamic,0.26496945445181896,0.0,0.0,1.0
100,56.93888433593666,15,OMP,0.6175800372741949,0.5,0.5,1.5266824701016601
100,56.93888433593666,15,Lasso,1.7618682680424692e-05,1.0,0.5,0.008154339914862063
100,56.93888433593666,15,Ridge,0.1017305245655598,1.0,0.4,0.6196232939892019
100,86.84002210142887,16,EN_Fixed,1.2367548739961492e-07,1.0,0.6666666666666666,0.0003087576210201048
100,86.84002210142887,16,EN_Dynamic,1.2975473268631803,0.0,0.0,1.0000862917052733
100,86.84002210142887,16,OMP,3.196274932538002,0.25,0.25,1.5696323291031191
100,86.84002210142887,16,Lasso,1.8704782946380533e-08,1.0,0.6666666666666666,0.00012007489269610534
100,86.84002210142887,16,Ridge,0.3927264145796076,1.0,0.4,0.5502004320414106
100,42.58170343910898,17,EN_Fixed,1.1388915200399105e-07,1.0,0.4444444444444444,0.0002657505467360797
100,42.58170343910898,17,EN_Dynamic,1.3126490872507675,0.75,0.5,0.9022093165914452
100,42.58170343910898,17,OMP,9.860761315262648e-32,1.0,1.0,2.472795549054872e-16
100,42.58170343910898,17,Lasso,1.1345155223280655e-07,1.0,0.4444444444444444,0.00026523950463960616
100,42.58170343910898,17,Ridge,0.1812107083328885,1.0,0.4,0.3352161362457828
100,44.36923908321666,18,EN_Fixed,0.35922882462380146,1.0,0.4,0.8999581050640264
100,44.36923908321666,18,EN_Dynamic,0.33280432296995544,1.0,0.4444444444444444,0.8662259368784823
100,44.36923908321666,18,OMP,1.233352232029517,0.0,0.0,1.6675553804492202
100,44.36923908321666,18,Lasso,0.6315071818607414,0.5,0.25,1.1932346354210983
100,44.36923908321666,18,Ridge,0.17133747256051685,1.0,0.4,0.6215311249391311
100,81.8315721623375,19,EN_Fixed,0.00020158055773866773,1.0,0.5,0.009899647870383815
100,81.8315721623375,19,EN_Dynamic,1.7351569600469592,1.0,0.5714285714285714,0.918469648121665
100,81.8315721623375,19,OMP,3.4450033925323593,0.5,0.5,1.2941667950812334
100,81.8315721623375,19,Lasso,3.228143390432346e-09,1.0,0.8,3.961611051034008e-05
100,81.8315721623375,19,Ridge,0.02040312465140569,1.0,0.4,0.09959642900910552
200,80.49523191854145,0,EN_Fixed,3.061607692577382e-11,1.0,0.8,9.75566794091583e-06
200,80.49523191854145,0,EN_Dynamic,0.26145862403532727,1.0,0.5,0.901537352276352
200,80.49523191854145,0,OMP,0.1668858902977029,0.75,0.75,0.7202645651595189
200,80.49523191854145,0,Lasso,3.592951437292801e-11,1.0,0.8,1.0568367649716876e-05
200,80.49523191854145,0,Ridge,0.10440890223602381,1.0,0.4,0.5697062765100208
200,173.27195806924377,1,EN_Fixed,0.0339670878735479,1.0,0.5714285714285714,0.17070215221162863
200,173.27195806924377,1,EN_Dynamic,0.9744564639212581,1.0,0.6666666666666666,0.9143049262516124
200,173.27195806924377,1,OMP,3.1814675601642493,0.5,0.5,1.6520515281129122
200,173.27195806924377,1,Lasso,3.7100297984104986e-09,1.0,0.6666666666666666,5.6415512560552054e-05
200,173.27195806924377,1,Ridge,0.4664775936831381,1.0,0.4,0.6325942403198774
200,139.42135356163854,2,EN_Fixed,0.01538782016975046,1.0,0.4444444444444444,0.08795541280320371
200,139.42135356163854,2,EN_Dynamic,1.577208275731233,1.0,0.5714285714285714,0.8904684643814677
200,139.42135356163854,2,OMP,6.1777669640120486e-30,1.0,1.0,1.7623403348162213e-15
200,139.42135356163854,2,Lasso,0.00027755187752640317,1.0,0.6666666666666666,0.011812616504176927
200,139.42135356163854,2,Ridge,0.39003643926213255,1.0,0.4,0.4428193719140803
200,175.39061570027854,3,EN_Fixed,0.00677979424639798,1.0,0.5,0.09927364078594497
200,175.39061570027854,3,EN_Dynamic,0.6879369155924001,0.0,0.0,1.0
200,175.39061570027854,3,OMP,1.828271370060025,0.25,0.25,1.6302192676564342
200,175.39061570027854,3,Lasso,0.0006506567716824234,1.0,0.5,0.030754004217184203
200,175.39061570027854,3,Ridge,0.24083180742452198,1.0,0.4,0.5916741766061723
200,72.15985427134599,4,EN_Fixed,9.294633028410804e-06,1.0,0.5714285714285714,0.0033588114095757893
200,72.15985427134599,4,EN_Dynamic,0.6794553399114484,1.0,0.6666666666666666,0.908134038369074
200,72.15985427134599,4,OMP,0.017090820611093058,0.75,0.75,0.1440293344528895
200,72.15985427134599,4,Lasso,1.988414012527571e-05,1.0,0.5714285714285714,0.004912730081294433
200,72.15985427134599,4,Ridge,0.4528455242708899,1.0,0.4,0.7413862647572789
200,187.1280272707422,5,EN_Fixed,0.7451495824237765,0.75,0.375,0.5637910284110477
200,187.1280272707422,5,EN_Dynamic,1.972581951160884,1.0,0.6666666666666666,0.9173054145392451
200,187.1280272707422,5,OMP,1.4266977372089769,0.5,0.5,0.780121802762993
200,187.1280272707422,5,Lasso,0.7354458810470265,0.75,0.375,0.5601080177216595
200,187.1280272707422,5,Ridge,1.3964270954351305,1.0,0.4,0.7718014017007306
200,146.12967122601927,6,EN_Fixed,7.787998386726199e-11,1.0,1.0,7.060133712228191e-06
200,146.12967122601927,6,EN_Dynamic,1.2507241350779776,1.0,0.5714285714285714,0.8947068554923835
200,146.12967122601927,6,OMP,0.11036168950587273,0.75,0.75,0.2657719665971599
200,146.12967122601927,6,Lasso,8.021246404839436e-11,1.0,1.0,7.16507810045256e-06
200,146.12967122601927,6,Ridge,0.6955235831609248,1.0,0.4,0.6671998345368949
200,116.90939935771594,7,EN_Fixed,0.001005307006242849,1.0,0.6666666666666666,0.029959038374558336
200,116.90939935771594,7,EN_Dynamic,1.0645590349232807,0.5,1.0,0.9749074511976392
200,116.90939935771594,7,OMP,3.2540512340366735e-31,1.0,1.0,5.390024110564685e-16
200,116.90939935771594,7,Lasso,0.0004074753847413135,1.0,0.6666666666666666,0.019073447745318203
200,116.90939935771594,7,Ridge,0.23937490443660997,1.0,0.4,0.46229353878516816
200,152.88602632910192,8,EN_Fixed,0.006207728623787274,1.0,0.5714285714285714,0.06807129531627143
200,152.88602632910192,8,EN_Dynamic,1.3302410352603558,0.25,0.5,0.9964667772202719
200,152.88602632910192,8,OMP,2.8975451736159714,0.5,0.5,1.4706616275643094
200,152.88602632910192,8,Lasso,5.5884708762520356e-09,1.0,0.8,6.458685674967374e-05
200,152.88602632910192,8,Ridge,0.47916169002885106,1.0,0.4,0.5980516559654877
200,136.05548596666426,9,EN_Fixed,0.012492351749402367,0.75,0.42857142857142855,0.09457107355808202
200,136.05548596666426,9,EN_Dynamic,1.2762409742873697,0.25,0.5,0.9558782038998622
200,136.05548596666426,9,OMP,0.012697521969959111,0.75,0.75,0.09534451270695196
200,136.05548596666426,9,Lasso,0.00035607483830610976,1.0,0.5714285714285714,0.01596639465411817
200,136.05548596666426,9,Ridge,0.18799217588632638,1.0,0.4,0.3668648509268449
200,115.37053483704491,10,EN_Fixed,0.025059176965020035,0.75,0.42857142857142855,0.11368068201527042
200,115.37053483704491,10,EN_Dynamic,1.5936464379808215,1.0,0.6666666666666666,0.9065656449273561
200,115.37053483704491,10,OMP,2.577297787062424,0.5,0.5,1.152883886755022
200,115.37053483704491,10,Lasso,0.024610398663337685,0.75,0.42857142857142855,0.11265814431534203
200,115.37053483704491,10,Ridge,0.8112149822702724,1.0,0.4,0.6468018455105604
200,162.98019875629322,11,EN_Fixed,1.074384139667457,1.0,0.5,0.6806117123811363
200,162.98019875629322,11,EN_Dynamic,1.8461852648668038,1.0,0.5,0.8921898215685482
200,162.98019875629322,11,OMP,3.4019626537656136e-31,1.0,1.0,3.8298731953887967e-16
200,162.98019875629322,11,Lasso,4.171536753426497e-08,1.0,0.8,0.00013411200684088634
200,162.98019875629322,11,Ridge,0.8407631413164005,1.0,0.4,0.6020831265680229
200,123.84882167349055,12,EN_Fixed,2.5120684281045208e-05,1.0,1.0,0.005371098963531617
200,123.84882167349055,12,EN_Dynamic,0.8707734051007121,0.0,0.0,1.0
200,123.84882167349055,12,OMP,2.4076644283515107,0.5,0.5,1.6628206145247781
200,123.84882167349055,12,Lasso,5.044538837982445e-07,1.0,1.0,0.0007611288025437799
200,123.84882167349055,12,Ridge,0.44580525191650067,1.0,0.4,0.7155170912118008
200,149.34224395356284,13,EN_Fixed,0.00016243014454984304,1.0,0.5714285714285714,0.019768704483198375
200,149.34224395356284,13,EN_Dynamic,0.4156331820784563,0.0,0.0,1.0
200,149.34224395356284,13,OMP,0.009810142583273153,0.5,0.5,0.1536323075563002
200,149.34224395356284,13,Lasso,3.796414311625996e-09,1.0,1.0,9.557222456308724e-05
200,149.34224395356284,13,Ridge,0.13995736078981375,1.0,0.4,0.5802868994644315
200,138.8519278023006,14,EN_Fixed,2.33943161105177e-10,1.0,0.8,2.27715152799165e-05
200,138.8519278023006,14,EN_Dynamic,0.4511557454300286,0.0,0.0,1.0
200,138.8519278023006,14,OMP,0.02937698571108837,0.75,0.75,0.2551763198710461
200,138.8519278023006,14,Lasso,2.371266824993722e-10,1.0,0.8,2.2925930234008883e-05
200,138.8519278023006,14,Ridge,0.08552648663317632,1.0,0.4,0.43539864157140723
200,152.10240276706722,15,EN_Fixed,0.004200334149540692,1.0,0.4444444444444444,0.05986618215302796
200,152.10240276706722,15,EN_Dynamic,1.0805365921657937,0.5,1.0,0.9601948703886439
200,152.10240276706722,15,OMP,0.3188571398065291,0.75,0.75,0.5216001590944392
200,152.10240276706722,15,Lasso,0.0002774839821395112,1.0,0.5,0.015387164662853883
200,152.10240276706722,15,Ridge,0.28680370248160403,1.0,0.4,0.4946887328843385
200,122.85748117480996,16,EN_Fixed,5.708272667705501e-09,1.0,0.6666666666666666,7.334017587624332e-05
200,122.85748117480996,16,EN_Dynamic,0.8576655350379021,1.0,0.5,0.8989769808797402
200,122.85748117480996,16,OMP,0.04151221991874966,0.75,0.75,0.19777781352291401
200,122.85748117480996,16,Lasso,1.8568222592712575e-05,1.0,0.5,0.004182873772713206
200,122.85748117480996,16,Ridge,0.14365744424504528,1.0,0.4,0.3679202232029364
200,219.3862807469431,17,EN_Fixed,1.6881237068944684e-09,1.0,0.8,3.44214707421728e-05
200,219.3862807469431,17,EN_Dynamic,1.2164021226729762,0.5,0.6666666666666666,0.9239870254317681
200,219.3862807469431,17,OMP,0.808661999310543,0.75,0.75,0.7533743085159632
200,219.3862807469431,17,Lasso,1.1092238545293526e-09,1.0,0.8,2.7902099856714902e-05
200,219.3862807469431,17,Ridge,0.1519206590608445,1.0,0.4,0.32653948701696156
200,145.75918033111074,18,EN_Fixed,2.4526319292555052e-08,1.0,0.5,0.0001160610983641943
200,145.75918033111074,18,EN_Dynamic,1.7551941306164114,0.5,0.6666666666666666,0.9818226942947272
200,145.75918033111074,18,OMP,0.3821482836366982,0.75,0.75,0.4581275866344708
200,145.75918033111074,18,Lasso,9.94944541949788e-09,1.0,0.8,7.392135590432709e-05
200,145.75918033111074,18,Ridge,0.4589990689591749,1.0,0.4,0.5020840090565317
200,55.36772678096656,19,EN_Fixed,3.061260720226678e-08,1.0,0.8,0.00017014813067564339
200,55.36772678096656,19,EN_Dynamic,0.6694955008629311,1.0,0.5,0.7957027408421126
200,55.36772678096656,19,OMP,0.569553578940877,0.5,0.5,0.733912551615392
200,55.36772678096656,19,Lasso,4.46725920024212e-11,1.0,0.8,6.49976415631511e-06
200,55.36772678096656,19,Ridge,0.1297552294946301,1.0,0.4,0.35029945180596855
300,290.59444758459466,0,EN_Fixed,7.000364654378911e-10,1.0,0.5714285714285714,3.0164942316395095e-05
300,290.59444758459466,0,EN_Dynamic,0.6411883708808764,0.25,0.5,0.9129247600059619
300,290.59444758459466,0,OMP,3.1450435991843564e-32,1.0,1.0,2.0218805881988442e-16
300,290.59444758459466,0,Lasso,6.828170239929246e-10,1.0,0.5714285714285714,2.979163494766199e-05
300,290.59444758459466,0,Ridge,0.16589243593106007,1.0,0.4,0.46436070260658563
300,180.83540214634544,1,EN_Fixed,0.6916858591789151,1.0,0.4,0.5283064575171184
300,180.83540214634544,1,EN_Dynamic,2.236152367322803,0.75,0.5,0.9499093592882686
300,180.83540214634544,1,OMP,3.0173929624703703e-30,1.0,1.0,1.1034366562089043e-15
300,180.83540214634544,1,Lasso,0.6906043692733362,1.0,0.5,0.5278932774544439
300,180.83540214634544,1,Ridge,0.5636164954428139,1.0,0.4,0.4768956029439456
300,109.24408647539207,2,EN_Fixed,0.011040343209903634,1.0,0.5,0.07585016590141835
300,109.24408647539207,2,EN_Dynamic,1.5696622283963257,1.0,0.4444444444444444,0.9044162391295144
300,109.24408647539207,2,OMP,8.504906634414034e-32,1.0,1.0,2.1052322918125069e-16
300,109.24408647539207,2,Lasso,1.4360743858054487e-07,1.0,0.6666666666666666,0.0002735607059687876
300,109.24408647539207,2,Ridge,0.6351605108183401,1.0,0.4,0.5753167155786806
300,246.0959371174994,3,EN_Fixed,1.0797082092383227e-08,1.0,0.8,7.654864419777238e-05
300,246.0959371174994,3,EN_Dynamic,1.1923569866989545,1.0,0.8,0.804428505512382
300,246.0959371174994,3,OMP,2.8621415777204775,0.5,0.5,1.2463208417848166
300,246.0959371174994,3,Lasso,4.967396993093566e-10,1.0,1.0,1.641907687927263e-05
300,246.0959371174994,3,Ridge,0.15604848958917075,1.0,0.4,0.29101413647583535
300,205.48035464160196,4,EN_Fixed,0.053920853038475866,1.0,0.4444444444444444,0.20518873278901814
300,205.48035464160196,4,EN_Dynamic,1.2424446990586813,0.75,0.75,0.9849488239887678
300,205.48035464160196,4,OMP,3.1995898891111834,0.25,0.25,1.5806011373699451
300,205.48035464160196,4,Lasso,0.03500928583770851,1.0,0.4444444444444444,0.16533574553266858
300,205.48035464160196,4,Ridge,0.6859583554532621,1.0,0.4,0.7318532528859938
300,148.10305837108754,5,EN_Fixed,2.1486231828266766e-11,1.0,1.0,4.066075306182515e-06
300,148.10305837108754,5,EN_Dynamic,0.9713923666057596,1.0,0.6666666666666666,0.8645550109772084
300,148.10305837108754,5,OMP,1.6438863756383413,0.5,0.5,1.1246857360049116
300,148.10305837108754,5,Lasso,2.1390374224361502e-11,1.0,1.0,4.056995074469922e-06
300,148.10305837108754,5,Ridge,0.20567878944523135,1.0,0.4,0.3978231417945726
300,146.3694609575874,6,EN_Fixed,6.589257968397195e-09,1.0,1.0,5.140696256765251e-05
300,146.3694609575874,6,EN_Dynamic,1.9438433521416048,0.75,0.75,0.882946360022771
300,146.3694609575874,6,OMP,2.5173706189806273,0.5,0.5,1.0047945440768493
300,146.3694609575874,6,Lasso,1.0235505741989298e-09,1.0,0.8,2.0260881747725506e-05
300,146.3694609575874,6,Ridge,0.18452602828141465,1.0,0.4,0.2720398368681923
300,206.35596050469888,7,EN_Fixed,2.0029330566543247e-09,1.0,0.6666666666666666,3.897789103356888e-05
300,206.35596050469888,7,EN_Dynamic,1.2613466864660225,0.25,1.0,0.9781430091799724
300,206.35596050469888,7,OMP,2.1262266586035085e-32,1.0,1.0,1.2699595829226973e-16
300,206.35596050469888,7,Lasso,1.988461782451667e-09,1.0,0.6666666666666666,3.8836827336220785e-05
300,206.35596050469888,7,Ridge,0.44155540507182217,1.0,0.4,0.5787323012859776
300,189.6787042965946,8,EN_Fixed,5.854352430750175e-09,1.0,0.8,7.231740998389219e-05
300,189.6787042965946,8,EN_Dynamic,1.038333406177465,0.5,0.6666666666666666,0.9631010257226253
300,189.6787042965946,8,OMP,9.860761315262648e-32,1.0,1.0,2.9679641809241084e-16
300,189.6787042965946,8,Lasso,2.96193732053987e-10,1.0,0.8,1.6266396866055145e-05
300,189.6787042965946,8,Ridge,0.18289714296475323,1.0,0.4,0.4042098502827252
300,275.73551777833717,9,EN_Fixed,4.4739891673411756e-09,1.0,0.6666666666666666,5.0595697903033425e-05
300,275.73551777833717,9,EN_Dynamic,1.0514185847174602,0.75,0.75,0.7756288442611983
300,275.73551777833717,9,OMP,2.5001130721225753,0.5,0.5,1.1960406825378327
300,275.73551777833717,9,Lasso,3.6091314093099053e-09,1.0,0.6666666666666666,4.544305021489631e-05
300,275.73551777833717,9,Ridge,0.3907011711629592,1.0,0.4,0.4728119921698926
300,176.27536665905268,10,EN_Fixed,0.018643747291448236,1.0,0.5,0.1053078875926172
300,176.27536665905268,10,EN_Dynamic,1.1422186392201403,1.0,0.5,0.8242689090839527
300,176.27536665905268,10,OMP,1.5043850637705225,0.5,0.5,0.9459622461645402
300,176.27536665905268,10,Lasso,2.269456652553273e-08,1.0,0.8,0.00011618638607263708
300,176.27536665905268,10,Ridge,0.3324196626507453,1.0,0.4,0.44466981484942153
300,230.63942124802216,11,EN_Fixed,3.0193917069482975e-08,1.0,0.8,0.00013101451007734038
300,230.63942124802216,11,EN_Dynamic,1.601770670229795,0.75,0.6,0.9542448763805134
300,230.63942124802216,11,OMP,2.3665827156630353e-31,1.0,1.0,3.667925553558139e-16
300,230.63942124802216,11,Lasso,2.985730115938475e-08,1.0,0.8,0.00013028215768583245
300,230.63942124802216,11,Ridge,0.8404588915459501,1.0,0.4,0.6912225634277048
300,249.8982398278048,12,EN_Fixed,1.2451194335949063e-05,1.0,1.0,0.0034293372228537955
300,249.8982398278048,12,EN_Dynamic,0.8953643045055333,1.0,1.0,0.9196118858732885
300,249.8982398278048,12,OMP,1.8820637287425632,0.5,0.5,1.3332814910464539
300,249.8982398278048,12,Lasso,1.9986644434188273e-08,1.0,1.0,0.00013739617131534938
300,249.8982398278048,12,Ridge,0.28287290103659407,1.0,0.4,0.5168926537461096
300,106.68658536149141,13,EN_Fixed,1.2571970759145428e-05,1.0,0.8,0.002814707107291885
300,106.68658536149141,13,EN_Dynamic,1.3850181886912978,1.0,0.6666666666666666,0.9342417405304737
300,106.68658536149141,13,OMP,0.2942142385834006,0.75,0.75,0.4305894372443945
300,106.68658536149141,13,Lasso,1.60538393404293e-08,1.0,0.6666666666666666,0.00010058216625073745
300,106.68658536149141,13,Ridge,0.15181477600627374,1.0,0.4,0.30930614638999615
300,184.90655362767677,14,EN_Fixed,0.0018961533835641492,1.0,0.5,0.049253709521734905
300,184.90655362767677,14,EN_Dynamic,0.7816198421533265,0.0,0.0,1.0
300,184.90655362767677,14,OMP,1.0594301898046325,0.5,0.5,1.1642289232098106
300,184.90655362767677,14,Lasso,3.814256205020535e-09,1.0,0.8,6.985655151701881e-05
300,184.90655362767677,14,Ridge,0.15829996179478684,1.0,0.4,0.45003119305295886
300,242.09757837718317,15,EN_Fixed,0.015463771848129462,1.0,0.5714285714285714,0.135980613352326
300,242.09757837718317,15,EN_Dynamic,0.7550632965996993,0.5,0.6666666666666666,0.950191101475845
300,242.09757837718317,15,OMP,0.595606622102294,0.5,0.5,0.8439156444169006
300,242.09757837718317,15,Lasso,1.928683298521821e-09,1.0,0.8,4.802304996942499e-05
300,242.09757837718317,15,Ridge,0.13742205218459785,1.0,0.4,0.4053661627671218
300,90.31554327265867,16,EN_Fixed,0.05378492467005615,1.0,0.5,0.17226095104892272
300,90.31554327265867,16,EN_Dynamic,1.6043305653431905,1.0,0.6666666666666666,0.9408133841157271
300,90.31554327265867,16,OMP,10.442710644495033,0.5,0.5,2.4002870412542308
300,90.31554327265867,16,Lasso,2.114223714437671e-08,1.0,0.8,0.00010800205726725124
300,90.31554327265867,16,Ridge,1.0862436024597626,1.0,0.4,0.7741411870771047
300,118.86353447334535,17,EN_Fixed,0.213775349102251,1.0,0.4444444444444444,0.47714960815472035
300,118.86353447334535,17,EN_Dynamic,0.9155989622789222,0.5,0.4,0.9874802202559227
300,118.86353447334535,17,OMP,2.0777602759881075,0.5,0.5,1.4875565301787395
300,118.86353447334535,17,Lasso,0.1750496701348166,1.0,0.4444444444444444,0.43177392115581803
300,118.86353447334535,17,Ridge,0.5289362767532652,1.0,0.4,0.7505462100228952
300,201.05826693045026,18,EN_Fixed,0.00700116818137374,1.0,0.4,0.08760918447880342
300,201.05826693045026,18,EN_Dynamic,0.9059017100867317,0.25,0.5,0.9965633749775095
300,201.05826693045026,18,OMP,0.03811720305693233,0.75,0.75,0.20442071140665782
300,201.05826693045026,18,Lasso,2.7284460076505663e-07,1.0,0.8,0.0005469178080226155
300,201.05826693045026,18,Ridge,0.17541168541221358,1.0,0.4,0.43852427901508073
300,117.02408086750702,19,EN_Fixed,1.2167041013616693e-10,1.0,1.0,1.6918755537386086e-05
300,117.02408086750702,19,EN_Dynamic,0.42505794819295784,0.0,0.0,1.0
300,117.02408086750702,19,OMP,0.14054608791761883,0.5,0.5,0.5750231243539883
300,117.02408086750702,19,Lasso,1.240513823196455e-10,1.0,1.0,1.708349532923375e-05
300,117.02408086750702,19,Ridge,0.10279651731609589,1.0,0.4,0.49177350850000023
500,278.1592046580341,0,EN_Fixed,1.3237016288478785,1.0,0.4444444444444444,0.8577846220813932
500,278.1592046580341,0,EN_Dynamic,1.509693265632977,0.75,0.75,0.9160676851728885
500,278.1592046580341,0,OMP,1.629267316459392,0.5,0.5,0.9516546572202051
500,278.1592046580341,0,Lasso,0.03405268134681456,1.0,0.6666666666666666,0.13758112671004208
500,278.1592046580341,0,Ridge,0.2969613842146559,1.0,0.4,0.40628725033535373
500,206.42347634749854,1,EN_Fixed,0.005062834317047097,1.0,0.5714285714285714,0.05794547110930406
500,206.42347634749854,1,EN_Dynamic,1.2759710284483345,0.75,0.375,0.9199051439066046
500,206.42347634749854,1,OMP,1.5849286647734167,0.5,0.5,1.0252446237000692
500,206.42347634749854,1,Lasso,0.0008767558156192054,1.0,0.5,0.024113595318252037
500,206.42347634749854,1,Ridge,0.35397106369254794,1.0,0.4,0.4845142125403457
500,255.52890098002837,2,EN_Fixed,1.9725915497902517e-07,1.0,0.6666666666666666,0.0005013222685315634
500,255.52890098002837,2,EN_Dynamic,0.7197091245635575,0.5,1.0,0.9575840782174218
500,255.52890098002837,2,OMP,0.09815911556306098,0.75,0.75,0.35364191233231224
500,255.52890098002837,2,Lasso,2.571883354209342e-09,1.0,0.8,5.724321874643137e-05
500,255.52890098002837,2,Ridge,0.2506461261702315,1.0,0.4,0.5651046884164485
500,325.65763109184667,3,EN_Fixed,0.000772153121219528,1.0,0.5714285714285714,0.03500846207298821
500,325.65763109184667,3,EN_Dynamic,0.5447845177581577,0.75,0.375,0.9298945349422612
500,325.65763109184667,3,OMP,2.742524240807424e-32,1.0,1.0,2.0863951013773138e-16
500,325.65763109184667,3,Lasso,2.265636273748201e-08,1.0,0.6666666666666666,0.00018963408982987644
500,325.65763109184667,3,Ridge,0.8115852249122165,1.0,0.4,1.1349804553003275
500,375.05596555256477,4,EN_Fixed,2.2296902249000166e-10,1.0,0.5714285714285714,2.870869387398366e-05
500,375.05596555256477,4,EN_Dynamic,0.24190533613848447,0.25,0.5,0.9456140005533151
500,375.05596555256477,4,OMP,6.162975822039155e-34,1.0,1.0,4.7729446867309736e-17
500,375.05596555256477,4,Lasso,1.978142423440531e-09,1.0,0.6666666666666666,8.551059884876585e-05
500,375.05596555256477,4,Ridge,0.028253887725493382,1.0,0.4,0.3231694334914119
500,211.16528141648013,5,EN_Fixed,3.249269507106574e-11,1.0,1.0,4.303345523352778e-06
500,211.16528141648013,5,EN_Dynamic,1.2739245638659582,1.0,0.5,0.8520894853157963
500,211.16528141648013,5,OMP,1.0846837446788913e-31,1.0,1.0,2.4863651860276643e-16
500,211.16528141648013,5,Lasso,2.8953592132415292e-11,1.0,1.0,4.0622306292417575e-06
500,211.16528141648013,5,Ridge,0.5393541340487154,1.0,0.4,0.5544346398901101
500,472.0046625489608,6,EN_Fixed,3.091517287003812e-06,1.0,0.5714285714285714,0.0026331991315461634
500,472.0046625489608,6,EN_Dynamic,0.27623999648250763,1.0,0.6666666666666666,0.7871203550045218
500,472.0046625489608,6,OMP,0.025920551474487595,0.75,0.75,0.2411126421333917
500,472.0046625489608,6,Lasso,2.9201506978861875e-10,1.0,1.0,2.5591780118648885e-05
500,472.0046625489608,6,Ridge,0.2705737289819858,1.0,0.4,0.7790057746545429
500,377.7277100055053,7,EN_Fixed,1.5173090508001727e-07,1.0,0.6666666666666666,0.0004778329110030181
500,377.7277100055053,7,EN_Dynamic,0.4610596294020365,1.0,0.5714285714285714,0.8329474115686667
500,377.7277100055053,7,OMP,1.9352903607476342,0.5,0.5,1.706522824401453
500,377.7277100055053,7,Lasso,1.3554926146654547e-07,1.0,0.6666666666666666,0.0004516350224840932
500,377.7277100055053,7,Ridge,0.306009800906078,1.0,0.4,0.6785888238472865
500,419.5658782217946,8,EN_Fixed,3.944151914644166e-07,1.0,0.5714285714285714,0.0004497853429652152
500,419.5658782217946,8,EN_Dynamic,1.0503669248434173,1.0,0.5714285714285714,0.7340049706128563
500,419.5658782217946,8,OMP,1.539100448327274,0.75,0.75,0.8885092723617584
500,419.5658782217946,8,Lasso,4.988797173373325e-10,1.0,0.8,1.599655287187766e-05
500,419.5658782217946,8,Ridge,0.6587141614221544,1.0,0.4,0.5812687593930157
500,473.6483179223416,9,EN_Fixed,1.71303502117091e-09,1.0,1.0,3.804833704372771e-05
500,473.6483179223416,9,EN_Dynamic,0.47473867848240187,1.0,0.8,0.6334026375128575
500,473.6483179223416,9,OMP,1.1395061141070486,0.75,0.75,0.9813205398404485
500,473.6483179223416,9,Lasso,1.6848215151856152e-09,1.0,1.0,3.773371014983043e-05
500,473.6483179223416,9,Ridge,0.12496478270802817,1.0,0.4,0.32497232561344797
500,293.5212599625623,10,EN_Fixed,0.02431042322410401,1.0,0.4444444444444444,0.1553201240909066
500,293.5212599625623,10,EN_Dynamic,0.727651441602747,0.75,0.42857142857142855,0.8497538992310729
500,293.5212599625623,10,OMP,0.08987822141926556,0.75,0.75,0.2986473764206367
500,293.5212599625623,10,Lasso,0.021137609053164044,1.0,0.4,0.14483028978857812
500,293.5212599625623,10,Ridge,0.3937729341800979,1.0,0.4,0.6251070543131235
500,274.10956525025034,11,EN_Fixed,1.6764846683171407e-10,1.0,1.0,1.1672514439546906e-05
500,274.10956525025034,11,EN_Dynamic,0.7981796104289015,1.0,1.0,0.8054061500653853
500,274.10956525025034,11,OMP,0.3300541652160781,0.5,0.5,0.5179135049763768
500,274.10956525025034,11,Lasso,3.2136567931084195e-10,1.0,1.0,1.6160856490317198e-05
500,274.10956525025034,11,Ridge,0.3619300227275513,1.0,0.4,0.5423466124351036
500,393.9065419386298,12,EN_Fixed,2.2188160763833127e-09,1.0,1.0,9.349808203610304e-05
500,393.9065419386298,12,EN_Dynamic,0.09319930534771684,1.0,1.0,0.605966182408829
500,393.9065419386298,12,OMP,0.09087803249009047,0.75,0.75,0.5983723376188663
500,393.9065419386298,12,Lasso,5.531501256047424e-11,1.0,1.0,1.4762623976209554e-05
500,393.9065419386298,12,Ridge,0.006257061247948297,1.0,0.4,0.15700997817571463
500,227.19900143444008,13,EN_Fixed,2.545197047552762e-05,1.0,0.5714285714285714,0.004305148293721421
500,227.19900143444008,13,EN_Dynamic,1.0507273184180836,0.75,0.75,0.8747267787462921
500,227.19900143444008,13,OMP,2.2806648495110773,0.5,0.5,1.2887187426162503
500,227.19900143444008,13,Lasso,8.925447910154734e-08,1.0,0.6666666666666666,0.0002549426055777039
500,227.19900143444008,13,Ridge,0.2621160639993913,1.0,0.4,0.4368921376236506
500,315.58297105356877,14,EN_Fixed,3.8959049600182186e-09,1.0,1.0,0.00020675145430264352
500,315.58297105356877,14,EN_Dynamic,0.09114045819687872,0.0,0.0,1.0
500,315.58297105356877,14,OMP,5.562085679390337e-32,1.0,1.0,7.812017967028322e-16
500,315.58297105356877,14,Lasso,0.009945296201292204,1.0,0.5,0.33033398561424643
500,315.58297105356877,14,Ridge,0.03191244720440798,1.0,0.4,0.5917311755890101
500,266.37034375256883,15,EN_Fixed,3.435601822478834e-07,1.0,0.6666666666666666,0.0005225251865686625
500,266.37034375256883,15,EN_Dynamic,0.8715744460148969,1.0,0.6666666666666666,0.8322581582366629
500,266.37034375256883,15,OMP,1.8273223312346093e-31,1.0,1.0,3.8107757911351373e-16
500,266.37034375256883,15,Lasso,8.819293844878863e-09,1.0,0.6666666666666666,8.371874766804709e-05
500,266.37034375256883,15,Ridge,0.34832290674114835,1.0,0.4,0.5261345656199743
500,269.8327111472135,16,EN_Fixed,0.20924281367915984,1.0,0.5714285714285714,0.36416100709229793
500,269.8327111472135,16,EN_Dynamic,0.9488038047954053,0.75,0.6,0.775454596423237
500,269.8327111472135,16,OMP,0.22366015098114436,0.75,0.75,0.3764978258408765
500,269.8327111472135,16,Lasso,4.471452686453955e-09,1.0,1.0,5.3234414965493654e-05
500,269.8327111472135,16,Ridge,0.6607672217304738,1.0,0.4,0.6471313079123021
500,511.81045270245323,17,EN_Fixed,0.00019056067029015491,1.0,0.5714285714285714,0.023561347223216365
500,511.81045270245323,17,EN_Dynamic,0.18110955822771704,1.0,0.5714285714285714,0.7263637619527895
500,511.81045270245323,17,OMP,4.5606021083089747e-32,1.0,1.0,3.644975180738783e-16
500,511.81045270245323,17,Lasso,3.998896004842304e-07,1.0,0.6666666666666666,0.001079328235970386
500,511.81045270245323,17,Ridge,0.11301411328373938,1.0,0.4,0.5737858375388777
500,304.8180996557854,18,EN_Fixed,1.954804748676348e-09,1.0,0.6666666666666666,3.451227901955525e-05
500,304.8180996557854,18,EN_Dynamic,1.35952889797434,1.0,0.5714285714285714,0.9101566946279643
500,304.8180996557854,18,OMP,0.008632175502595986,0.75,0.75,0.07252405472840612
500,304.8180996557854,18,Lasso,1.9656543254597105e-10,1.0,1.0,1.094398576293024e-05
500,304.8180996557854,18,Ridge,0.7557934484157469,1.0,0.4,0.6786150823133488
500,344.7253684721598,19,EN_Fixed,1.0228680880664042e-07,1.0,1.0,0.00029125419590401357
500,344.7253684721598,19,EN_Dynamic,0.6962661752505435,1.0,0.6666666666666666,0.7598887671398655
500,344.7253684721598,19,OMP,0.3165640722700088,0.75,0.75,0.5123812017307721
500,344.7253684721598,19,Lasso,1.0600670733709676e-10,1.0,1.0,9.376247193900089e-06
500,344.7253684721598,19,Ridge,0.39792458161004735,1.0,0.4,0.574463923527804
1000,716.8351686547021,0,EN_Fixed,0.30447404976467063,1.0,0.5,0.45048542559158655
1000,716.8351686547021,0,EN_Dynamic,0.6248585282127866,1.0,0.8,0.6453516932121399
1000,716.8351686547021,0,OMP,8.390400376652458,0.5,0.5,2.364813770549519
1000,716.8351686547021,0,Lasso,0.06504450672988507,1.0,0.5714285714285714,0.20821447361618356
1000,716.8351686547021,0,Ridge,1.732115902582419,1.0,0.4,1.0744694641066468
1000,509.8229277397099,1,EN_Fixed,9.84121957398172e-09,1.0,0.8,8.873982325716356e-05
1000,509.8229277397099,1,EN_Dynamic,0.42289385616242486,1.0,0.6666666666666666,0.5817143621607731
1000,509.8229277397099,1,OMP,0.47973521749679343,0.5,0.5,0.6195764460685899
1000,509.8229277397099,1,Lasso,5.639116798817583e-09,1.0,0.8,6.717375770969077e-05
1000,509.8229277397099,1,Ridge,0.707741221451421,1.0,0.4,0.7525430411800369
1000,380.1296074710213,2,EN_Fixed,0.019692752003893928,0.75,0.42857142857142855,0.15560491768132664
1000,380.1296074710213,2,EN_Dynamic,0.5591809920947047,1.0,0.6666666666666666,0.8291752156950711
1000,380.1296074710213,2,OMP,0.018047496363913274,0.75,0.75,0.14896306300663717
1000,380.1296074710213,2,Lasso,2.433907865425724e-08,1.0,0.8,0.0001729904702975054
1000,380.1296074710213,2,Ridge,0.40662973920241896,1.0,0.4,0.7070818365227995
1000,309.5748424922864,3,EN_Fixed,1.5923253589628218e-06,1.0,0.6666666666666666,0.0013124525123298747
1000,309.5748424922864,3,EN_Dynamic,1.273408637034073,0.5,1.0,1.1736850921862523
1000,309.5748424922864,3,OMP,6.770270505651316,0.5,0.5,2.7062673834569986
1000,309.5748424922864,3,Lasso,2.731283052964489e-09,1.0,0.8,5.435644529082893e-05
1000,309.5748424922864,3,Ridge,0.9979294114701945,1.0,0.4,1.0390049198579614
1000,1089.8740760017392,4,EN_Fixed,1.470162563581227e-08,1.0,0.8,0.00015614683836914775
1000,1089.8740760017392,4,EN_Dynamic,0.0007708423518416097,1.0,0.8,0.0357547132365687
1000,1089.8740760017392,4,OMP,1.131146705997117,0.5,0.5,1.3696512017893052
1000,1089.8740760017392,4,Lasso,3.3883247997803186e-09,1.0,0.8,7.4962322340036e-05
1000,1089.8740760017392,4,Ridge,0.33466539798241024,1.0,0.4,0.744999396939177
1000,921.0464599948781,5,EN_Fixed,1.6761486565217062e-08,1.0,1.0,9.692705141325656e-05
1000,921.0464599948781,5,EN_Dynamic,0.0016394888193678996,1.0,0.6666666666666666,0.030313980325755458
1000,921.0464599948781,5,OMP,0.036052210602349075,0.75,0.75,0.14215255974347757
1000,921.0464599948781,5,Lasso,2.1592369839682909e-10,1.0,1.0,1.100117035655888e-05
1000,921.0464599948781,5,Ridge,0.38702937538971527,1.0,0.4,0.4657584033310988
1000,443.9130518532582,6,EN_Fixed,9.275499078607567e-07,1.0,0.5714285714285714,0.0015307907062455097
1000,443.9130518532582,6,EN_Dynamic,0.2302918725860219,0.5,0.6666666666666666,0.7627574868579035
1000,443.9130518532582,6,OMP,0.7647664474678054,0.5,0.5,1.3899897141804451
1000,443.9130518532582,6,Lasso,8.488667843186165e-07,1.0,0.6666666666666666,0.0014644243570158108
1000,443.9130518532582,6,Ridge,0.20233742172276595,1.0,0.4,0.7149658186960767
1000,578.9867253868849,7,EN_Fixed,0.019933809263179746,1.0,1.0,0.1633449233296542
1000,578.9867253868849,7,EN_Dynamic,0.17405473912939545,1.0,0.8,0.48267345879036555
1000,578.9867253868849,7,OMP,6.246222498100854,0.5,0.5,2.891473506151635
1000,578.9867253868849,7,Lasso,2.3068362837320432e-08,1.0,1.0,0.0001757190631095412
1000,578.9867253868849,7,Ridge,0.2865364939990098,1.0,0.4,0.619299120884964
1000,470.8350300732662,8,EN_Fixed,1.9735879117305116e-06,1.0,0.5714285714285714,0.0014215502486065426
1000,470.8350300732662,8,EN_Dynamic,0.3411145649123464,1.0,0.5714285714285714,0.5909954115696927
1000,470.8350300732662,8,OMP,0.5320432596425959,0.75,0.75,0.738086819986441
1000,470.8350300732662,8,Lasso,3.3728489297339663e-09,1.0,0.8,5.876685131854286e-05
1000,470.8350300732662,8,Ridge,0.12208276702587337,1.0,0.4,0.35355839966661134
1000,650.6889028740679,9,EN_Fixed,9.388196285022561e-08,1.0,1.0,0.00026025914998949114
1000,650.6889028740679,9,EN_Dynamic,0.45611246372624326,1.0,0.6666666666666666,0.573655149515576
1000,650.6889028740679,9,OMP,0.16448823208426389,0.75,0.75,0.34449453990650325
1000,650.6889028740679,9,Lasso,8.277099514007633e-09,1.0,0.8,7.72776692245202e-05
1000,650.6889028740679,9,Ridge,0.48553906780087247,1.0,0.4,0.5918709390581738
1000,786.3656935151507,10,EN_Fixed,0.27804209338376634,1.0,0.4444444444444444,0.8051196051176606
1000,786.3656935151507,10,EN_Dynamic,0.2127478353149553,1.0,0.5,0.704267588921022
1000,786.3656935151507,10,OMP,0.25298029323908294,0.75,0.75,0.7679774588090753
1000,786.3656935151507,10,Lasso,0.25587868247503365,1.0,0.4444444444444444,0.7723642794586676
1000,786.3656935151507,10,Ridge,0.25970971967048345,1.0,0.4,0.7781247495419914
1000,743.4780307530339,11,EN_Fixed,0.9652266842703373,1.0,0.4444444444444444,0.9336257203507676
1000,743.4780307530339,11,EN_Dynamic,0.40415184642891927,1.0,0.6666666666666666,0.6041300400121155
1000,743.4780307530339,11,OMP,0.9899517647082761,0.75,0.75,0.945507906292542
1000,743.4780307530339,11,Lasso,0.9652903723497323,1.0,0.5,0.9336565213269324
1000,743.4780307530339,11,Ridge,0.5587224362216322,1.0,0.4,0.7103235334472394
1000,485.0940742413598,12,EN_Fixed,4.276956098644795e-07,1.0,0.8,0.0005060244088465324
1000,485.0940742413598,12,EN_Dynamic,3.9898892026948927,1.0,0.5714285714285714,1.5455550832574365
1000,485.0940742413598,12,OMP,34.20907434130787,0.5,0.5,4.525585053458258
1000,485.0940742413598,12,Lasso,1.4845440287069957e-08,1.0,0.8,9.427588353421655e-05
1000,485.0940742413598,12,Ridge,7.197304169113261,1.0,0.4,2.0758166854669287
1000,661.0919525919327,13,EN_Fixed,0.0006119518612195463,1.0,0.5714285714285714,0.022131725968492687
1000,661.0919525919327,13,EN_Dynamic,0.5308487481977416,1.0,0.4444444444444444,0.6518415694747726
1000,661.0919525919327,13,OMP,3.055849977021054,0.5,0.5,1.5639492958065881
1000,661.0919525919327,13,Lasso,1.787932501119949e-05,1.0,0.6666666666666666,0.003782964046429816
1000,661.0919525919327,13,Ridge,0.5127898380800324,1.0,0.4,0.6406581559131499
1000,587.9445324184775,14,EN_Fixed,1.209372216145499e-10,1.0,0.5714285714285714,1.271799887683663e-05
1000,587.9445324184775,14,EN_Dynamic,0.003912762612207981,0.75,1.0,0.07234033886368736
1000,587.9445324184775,14,OMP,3.274562387944398e-32,1.0,1.0,2.0927407132118745e-16
1000,587.9445324184775,14,Lasso,1.1167428623351502e-10,1.0,0.5714285714285714,1.222124305722567e-05
1000,587.9445324184775,14,Ridge,0.23239940076208118,1.0,0.4,0.5575146586935209
1000,593.2653038897564,15,EN_Fixed,0.004533308239038099,1.0,0.5,0.05558468708107612
1000,593.2653038897564,15,EN_Dynamic,0.5242616960259152,1.0,0.6666666666666666,0.5977527797070322
1000,593.2653038897564,15,OMP,3.1624591965192117,0.25,0.25,1.4681147624426045
1000,593.2653038897564,15,Lasso,0.015379423470859336,1.0,0.5714285714285714,0.10238057585581763
1000,593.2653038897564,15,Ridge,0.5045616273355632,1.0,0.4,0.5864144315212664
1000,540.7118407164164,16,EN_Fixed,2.969687411986163e-07,1.0,0.6666666666666666,0.0007421256419125023
1000,540.7118407164164,16,EN_Dynamic,0.29579564363144034,1.0,0.5714285714285714,0.7406584045874554
1000,540.7118407164164,16,OMP,9.673476665233142e-31,1.0,1.0,1.3394094624063379e-15
1000,540.7118407164164,16,Lasso,2.6162201608453444e-10,1.0,0.8,2.2027195815811195e-05
1000,540.7118407164164,16,Ridge,0.06950709205976477,1.0,0.4,0.35903486862606426
1000,703.2510070496255,17,EN_Fixed,0.29763487862593097,1.0,0.5,0.5329361888623205
1000,703.2510070496255,17,EN_Dynamic,0.07133257421927677,0.75,0.375,0.26090190418960724
1000,703.2510070496255,17,OMP,0.6943108319246384,0.5,0.5,0.8139735086601801
1000,703.2510070496255,17,Lasso,7.46922996599144e-08,1.0,0.8,0.00026697538150482624
1000,703.2510070496255,17,Ridge,0.11723991265764766,1.0,0.4,0.33448068460816965
1000,868.1096810973987,18,EN_Fixed,1.3680523940465702e-09,1.0,1.0,4.641511712795295e-05
1000,868.1096810973987,18,EN_Dynamic,0.015403817350256904,1.0,1.0,0.15574792368956794
1000,868.1096810973987,18,OMP,0.09284550533847268,0.5,0.5,0.38237415273248704
1000,868.1096810973987,18,Lasso,4.053405360004155e-09,1.0,0.8,7.989472463209549e-05
1000,868.1096810973987,18,Ridge,0.27431990760634967,1.0,0.4,0.6572593128386682
1000,704.5054027616989,19,EN_Fixed,3.837076095724425e-06,1.0,0.8,0.002184033311980751
1000,704.5054027616989,19,EN_Dynamic,0.27184577952305594,0.75,0.75,0.5813268060673572
1000,704.5054027616989,19,OMP,0.2758767387520237,0.5,0.5,0.5856209352164911
1000,704.5054027616989,19,Lasso,1.7368105328590942e-06,1.0,0.8,0.0014693838907097535
1000,704.5054027616989,19,Ridge,0.483249442821193,1.0,0.4,0.7750767920572039
